# profile	gs5r3
relative_path	size	sha256	extension	magic	probe_kind	extension_disagrees	probe_error
English/Battle.snp	241406	f2be8009aa188d8acee592c83a1e7b12800fd8552208ff729e792982b65e80bb	snp	ms-dos-executable	portable-executable	no	-
English/DPStub.exe	35328	958190a9feec27ea8e3b8dcb16d818e304c45071ead47f5c7947a67bcbe9cc06	exe	ms-dos-executable	portable-executable	no	-
English/GS5R3 Contributors.txt	2085	6f50accb88c31449e3daf54231813ad2093da253856694311ea02aa2d73b9d55	txt	ascii-text	text	no	-
English/GS5R3 README.txt	2316	87fda5e7b6f0098db3b33b1d71c7274aea38afe1f22a1ad64157807391ad2e38	txt	ascii-text	text	no	-
English/GameuxInstallHelper.dll	96264	b07ffcd0af80f6b9fba09abe816ba2f0ff0d336639f1768fc317291bc635ece6	dll	ms-dos-executable	portable-executable	no	-
English/LANGUAGE.INF	9	2908aa99c0d19512488af9da3679b83e1c6746bef494b5b3317ea94cd01e4c95	inf	ascii-text	text	no	-
English/Launcher/LOMLauncher.exe	589312	1a28f3e2904080a4d1921fe93dfb9d26abfa495b4e8176572eff417b380dc938	exe	ms-dos-executable	portable-executable	no	-
English/Launcher/dbghelp.dll	1230992	a2b0274e4215e778bfd122ac9b0e389984f6ea4d7f97019c2027d95e7916331e	dll	ms-dos-executable	portable-executable	no	-
English/Shaders/crt/crt-lottes-fast-no-warp-bilinear.glsl	26208	b3321c84272230ec9d143b9995687ea8940881202dc74ca352bd05ebc5e39009	glsl	ascii-text	text	no	-
English/Shaders/interpolation/bilinear.glsl	1654	e741a3f07096c891bf3edfc89c82e0388acf35cbd832fed42edd5c9c3bc85e79	glsl	ascii-text	text	no	-
English/Shaders/interpolation/catmull-rom-bilinear.glsl	4615	18e89f829f4c82d5b1e0d1fa9b41d6698cf3fbd2d45ef8abb9f6d7a2452c9426	glsl	ascii-text	text	no	-
English/Shaders/interpolation/fsr.glsl	11177	5e4f814de1f7cb5b1ddae857e325fcfcc1868798a03ea782cf06106503ef2c7e	glsl	ascii-text	text	no	-
English/Shaders/interpolation/fsr.glsl.pass1	4613	714aefb863d42e21d876dde55b8c2c6748773426ffe6393e36a25b6d6c6e0de8	pass1	ascii-text	text	no	-
English/Shaders/interpolation/jinc2-dedither.glsl	6569	92f847c8e5c45d9ff0bb9bb0eccd91cb078aa533d5434335e9f927ab4ff22614	glsl	ascii-text	text	no	-
English/Shaders/interpolation/lanczos2-sharp.glsl	6760	31ce41ff6aea6269a36d0b805f651a95646dceb2462b5212e366d39b2d9a8a3d	glsl	ascii-text	text	no	-
English/Shaders/nearest-neighbor.glsl	1654	e741a3f07096c891bf3edfc89c82e0388acf35cbd832fed42edd5c9c3bc85e79	glsl	ascii-text	text	no	-
English/Shaders/readme.txt	330	067e1cf145b6f1e1c8168e40be56b097599afbab602ffca3f6b83041bddfe794	txt	ascii-text	text	no	-
English/Shaders/scanlines/scanline.glsl	2854	b1712048d3eb05d115ec743f267b3880d4926f8e71601096117ce184518ea020	glsl	ascii-text	text	no	-
English/Shaders/shader-package.zip	299144	b11fb8e9e57aa4a86f9ca5610cfe264f8bf44c5c017d92631fc80ae9c881871e	zip	zip-archive	unknown	no	-
English/Shaders/sharpen/rca-sharpen.glsl	4613	714aefb863d42e21d876dde55b8c2c6748773426ffe6393e36a25b6d6c6e0de8	glsl	ascii-text	text	no	-
English/Shaders/xbr/xbr-lv2-noblend.glsl	8575	ee799699fa96cf8e517cf563be58ef726f805095c3d5460d59b3f696a8dc09a9	glsl	ascii-text	text	no	-
English/Shaders/xbrz/xbrz-freescale-multipass.glsl	12553	bb33262daa8cba06026fe09bab2a29d60b4e89b4b966d6241aaabc9f8c5e640a	glsl	ascii-text	text	no	-
English/Shaders/xbrz/xbrz-freescale-multipass.glsl.pass1	8884	8785f14f704a4ce4a644c5e34174eccf75dd58f85023aa9c6efde88956a7f64f	pass1	ascii-text	text	no	-
English/Sierra.inf	616	688b388db5ef623b788f61361a63855a129d88225773ee66f2170f8ff965d28e	inf	ascii-text	text	no	-
English/Standard.snp	98282	7b527841c91d03d6acda8e6c73d67ffd744a9b252a58e7cdf0636dec14e0daee	snp	ms-dos-executable	portable-executable	no	-
English/Text/Menu/Menu_En.asr	375	9154b6361c2c1aada2f8518f9d4094403b571ca4589c70ec2d558afe687e7f9c	asr	asura-container	asura-text	no	-
English/Wav/Menu_Music.wav	4234976	97a0ca00a27c8554bbab56630155a553b64b0ac555454fc73ab10085ddb5844c	wav	wave-audio	wave-audio	no	-
English/Wav/Music/M_Air.wav	11190316	ba04ce3624cd25db99fb9a384eb0284a0e7e5da488b9e495aa570343ffd0e106	wav	wave-audio	wave-audio	no	-
English/Wav/Music/M_Chaos.wav	10566698	85d4ce994d50d3c7de3a6107207d9c0ae2524aae7cdbf32378c7b679d05a4840	wav	wave-audio	wave-audio	no	-
English/Wav/Music/M_Death.wav	11330092	8f6c11f4eaef7977cd2f9684e44ba0276ebdb0fafe25ec95509e2b5aaeb76614	wav	wave-audio	wave-audio	no	-
English/Wav/Music/M_Earth.wav	11452460	9dfd18f3a267a02fec6aba641660784dcffcb41637a8b4338a7a839452321020	wav	wave-audio	wave-audio	no	-
English/Wav/Music/M_Fire.wav	11777836	a1c22294114c6a2af696509034b6806d4f3f7e729f67949f52e942d29ab91312	wav	wave-audio	wave-audio	no	-
English/Wav/Music/M_Life.wav	10411190	9103b85fa98b2de212951b9ca453e57e037c07139b4be69c28c7f8ee45668b19	wav	wave-audio	wave-audio	no	-
English/Wav/Music/M_Order.wav	10853418	85a0a5edf2113e1d6585ff008fd50f66dd77499cf0ea12038fe6d5a1f60bfab6	wav	wave-audio	wave-audio	no	-
English/Wav/Music/M_Water.wav	12355628	a3e686da73510c04a6b2c807d18ab5ce9f0f7e4fe140b2462b0ae698606f935c	wav	wave-audio	wave-audio	no	-
English/Wav/Music/lose1A.wav	283092	dd080a8133fa0e5bf663f09bab8a4a4fa1028a272fbffafbf8b7df16499a05d8	wav	wave-audio	wave-audio	no	-
English/Wav/Music/lose1B.wav	280332	0b80e8af4c4c9cf322096e57ba3f83046011a2fc985992c4efcc35006c0e5d6a	wav	wave-audio	wave-audio	no	-
English/Wav/Music/lose2A.wav	563466	413a290adc57938a64b5339a05c2d59c0cdb13273c62a17cd0e820844d2e0059	wav	wave-audio	wave-audio	no	-
English/Wav/Music/lose2B.wav	564446	573564e73f3819a23c772718b948b58ab5302e42086120889253bde880bab894	wav	wave-audio	wave-audio	no	-
English/Wav/Music/lose3A.wav	281268	8ed2f28f59965c429a0587c7fe5dedd1c47308ae29c4c85921aee867dbc7d9e2	wav	wave-audio	wave-audio	no	-
English/Wav/Music/lose3B.wav	424552	b9b7b32256e6d599542a073e074ad24b7ff0d6a0c2f855fa115d2268ac8a02e9	wav	wave-audio	wave-audio	no	-
English/Wav/Music/lose4A.wav	138806	c8b2b2f63dbe0f13434b2ea34d48ede1ad5456883f6f1fff11ffcd9800d0cde3	wav	wave-audio	wave-audio	no	-
English/Wav/Music/lose4B.wav	280530	c120d76b866206ea8312e138d5599af89ada37942bd59076336f22974ade9d50	wav	wave-audio	wave-audio	no	-
English/Wav/Music/lose5.wav	232734	36e0d951522142d54ee58fc825c92c42f33c5f22a422ac714130b3d647bfc14f	wav	wave-audio	wave-audio	no	-
English/Wav/Music/neut1A.wav	282076	d5c2082a0d4b6102ed87d279a48cd1ebcbaaa71a2d0dd9ff82ef797acf6c5dc0	wav	wave-audio	wave-audio	no	-
English/Wav/Music/neut1B.wav	282478	8b2a440885a887f33260d3cf96aa1b417b774833232644e3e0129dff0f740c0f	wav	wave-audio	wave-audio	no	-
English/Wav/Music/neut2A.wav	141240	c9743eace01b22ac90b9e66202004cfca270eafe97e2c82948d609efbd3f04c6	wav	wave-audio	wave-audio	no	-
English/Wav/Music/neut2B.wav	423566	a60dccbd6649ee64343004f72383476fb56be711a06d6fb7f044d26e3cae953c	wav	wave-audio	wave-audio	no	-
English/Wav/Music/win1A.wav	566024	8eec3cd25dfcf9a594fd4bf696c15fb9df83eeeea96c5aa23da5ce3ec4a58b28	wav	wave-audio	wave-audio	no	-
English/Wav/Music/win1B.wav	703910	08a99b0e34c715665631c0733592156b9442d7cffc4274ed17a21e9db0fc6d28	wav	wave-audio	wave-audio	no	-
English/Wav/Music/win2A.wav	265164	cdd4d0f0002f6ab0ed2f7a3513400f91f76dd81d1c0c3852712217ca476a7224	wav	wave-audio	wave-audio	no	-
English/Wav/Music/win2B.wav	264646	d57b0f4ffee5c0c0909e68155ce4bc018e5b6de765a0e7ccf08c8095774bfd22	wav	wave-audio	wave-audio	no	-
English/Wav/Music/win3A.wav	529410	19b66fa50a12cbdb9fb57924c5353e8dc887f8d9126b5dd313b6fa75bd14d52b	wav	wave-audio	wave-audio	no	-
English/Wav/Music/win3B.wav	662284	d372dabb5ab3162919958811c4f9e685a60d70aa5af20e31ea80c1573c44339c	wav	wave-audio	wave-audio	no	-
English/Wav/Music/win4A.wav	792924	8eb498ff637a05a554fd6b3b655f87ec0d417982acfa9da744406cf1604f6592	wav	wave-audio	wave-audio	no	-
English/Wav/Music/win4B.wav	531540	7dc942995d7732d3b75aca51ca32b3643b3d6213e20133e10d7be2f6e5fe1d8e	wav	wave-audio	wave-audio	no	-
English/Wav/Music/win5.wav	263226	a001d888c036479e6aa0c81b6b4622ccab80aa42f50b3d6c5f2e78b7a734a289	wav	wave-audio	wave-audio	no	-
English/Wav/Valkyries.wav	821412	e515c290bfbe9adab57dddc955ef0fc5b77747c1bbf4dd85d58e3bcb97ac7023	wav	wave-audio	wave-audio	no	-
English/Wav/lou_scenarios/German_Intro.wav	2375734	088b42d0b6da2b0d2f0555ed781565e03e2a298b7e26f495a10ae45c02244447	wav	wave-audio	wave-audio	no	-
English/Wav/lou_scenarios/death_Intro.wav	4212796	39c69eef596fa143314d32474cfa5278f5a712766d96206061be3fc03b7922b3	wav	wave-audio	wave-audio	no	-
English/Wav/lou_scenarios/death_desc.wav	1056332	88443b0ab6b0822915718906fcb27aa1bf46fab26c5a0d8044488c351b06ebca	wav	wave-audio	wave-audio	no	-
English/Wav/lou_scenarios/earth_desc.wav	1621256	ba3ec02a88d1effddfc4731dcb82e649880cf46075be9be3803cd7796d037058	wav	wave-audio	wave-audio	no	-
English/Wav/lou_scenarios/earth_intro.wav	1400652	d9a0a20e4ff923884fa0ffb1117bf7a08926c1233a614bed1412e3eb0504f320	wav	wave-audio	wave-audio	no	-
English/Wav/lou_scenarios/fire_desc.wav	941214	69e130288343d9390a0794678bab84df4cb306c73edd9d17efb2d20a5b7ac8e8	wav	wave-audio	wave-audio	no	-
English/Wav/lou_scenarios/fire_intro.wav	3861532	a2132aced4a4a808fc42362e6ed7a688e9fbf4f61344d68ab803c1c026228f31	wav	wave-audio	wave-audio	no	-
English/Wav/lou_scenarios/german_desc.wav	709844	818c6f3d048fc1b06a86630caeb12baabfcd6d9b03a1af8dcbf498224d30813b	wav	wave-audio	wave-audio	no	-
English/Wav/lou_scenarios/order_desc.wav	705612	e7d800d0f4faec45e7595258c504bd6101277a7ca8888874106667c8403ccced	wav	wave-audio	wave-audio	no	-
English/Wav/lou_scenarios/order_intro.wav	2196594	150c700b2f3bbf0bf32466cdd5ac588fe67bd4487ba750990dd046788a31c133	wav	wave-audio	wave-audio	no	-
English/_vanilla_backup/ddraw.ini	29828	3d8d3105d144c14c5cf8c0ae06f16fa2acfef56df76d6f2097226015736206ba	ini	ascii-text	text	no	-
English/_vanilla_backup/gs.mpq	1795987	6b84ea4cfc7595b8b94b821eb6cc8cb8b2fdf10bbea68ca8e381e9098196f86a	mpq	mpq-archive	mpq-archive	no	-
English/_vanilla_backup/lom.cfg	160	f4142b7507306309bd4e8a318cd8fed58fc0891a75d367093c0103a50f8fa1c9	cfg	unrecognised	unknown	no	-
English/_vanilla_backup/pic.mpq	68777986	d0df8b9254bf03c6cb7b2c1db733d8ee1b735e20d16ed1fa192a99066cc62ca8	mpq	mpq-archive	mpq-archive	no	-
English/_vanilla_backup/settings.cfg	513	5ffb139f5fbb7006511f85628ae3345996215185a6f781a69962c8bae8a80145	cfg	ascii-text	text	no	-
English/artifact.log	runtime-written	runtime-written	log	ascii-text	text	no	-
English/cnc-ddraw config.exe	4915712	e21131cca40be055b9cf728ed822474f2560793635fc323127b63ba9a838d5d6	exe	ms-dos-executable	portable-executable	no	-
English/combat.log	runtime-written	runtime-written	log	ascii-text	text	no	-
English/custldr/0templdr.ldr	3982	b762fbef9dd1dc7b8497de3202df224ac1003128a2f0e7fc5e2ab76447f6329c	ldr	unrecognised	unknown	no	-
English/ddraw.dll	411648	85e0f7d530dfda134793a57cb3e76b0287dcc96892ee57162dd68f47283b03a9	dll	ms-dos-executable	portable-executable	no	-
English/ddraw.ini	runtime-written	runtime-written	ini	ascii-text	text	no	-
English/goggame.dll	277824	85825c954c4533684902f6c9a9d9a90e38293dcc78566d22bd7bdb0993d62598	dll	ms-dos-executable	portable-executable	no	-
English/gs/dlg/comb_dlg.gs	4951	da15dfff66912cc67087a90cf52b3dd6ee9ce2b8e5e674a9097a82e3fd3c7b0d	gs	ascii-text	game-script	no	-
English/gs/dlg/scroldlg.gs	3658	b7a46e0310df51d2afcdb8fdad355bc65f3582ce2a4368360d16f5f489c1284f	gs	ascii-text	game-script	no	-
English/gs.mpq	3337814	2d3942796b7312272cb227e4bcb1e31611ef03e2121d0844a755a12d40b8d095	mpq	mpq-archive	mpq-archive	no	-
English/gs5r.cfg	runtime-written	runtime-written	cfg	ascii-text	text	no	-
English/imp.mpq	51488090	cb5c1068ea21936e5c301ff54d3c498c9c1a8cc19007b7d2cc8ac724abc6e2b2	mpq	mpq-archive	mpq-archive	no	-
English/lom.cfg	runtime-written	runtime-written	cfg	unrecognised	unknown	no	-
English/lomse.exe	1535488	a505f399d5be73fe0a2215633f663717f28daeb3075bbcc05b47d40653669052	exe	ms-dos-executable	portable-executable	no	-
English/map/91gauntlet.smp	19681	43c67bc1db601c283640b4442099fdcfdf7c14e5a27edf8fe14e5eb2ba027e84	smp	unrecognised	map-component	no	-
English/map/AIBLDG01.SMP	19336	68aa9d17da0a799a06bda12c26a361c42dea1f77ea9393b3e536384efdb6c802	smp	unrecognised	map-component	no	-
English/map/AIBLDG02.SMP	19412	96b1e9e43ebfa30030947108af23807cc18a7f5f213a56f61f66210a4d5deaf7	smp	unrecognised	map-component	no	-
English/map/AIBRKS0.SMP	18660	e112f01e1bcfd0d70a0d94193c2fc09b33d956a6f712d90b8e0f185e59d13dcc	smp	unrecognised	map-component	no	-
English/map/AIBRKS1.SMP	18920	c5cd9a047c27c65a4d3d11f8c693e4e67ff7b018212cd277516c32ed34986b96	smp	unrecognised	map-component	no	-
English/map/AIBRKS2.SMP	18972	02548933faeb92607735940ac709031cca4c704b0bb39ab96dbbf03560a5bd8f	smp	unrecognised	map-component	no	-
English/map/AIBRKS3.SMP	18972	4ba5bb7554fad078d1fbbef416722a7ba6a23ad53f1b3b7f8dcf0b22d8156f8d	smp	unrecognised	map-component	no	-
English/map/AIGTEM1.SMP	19191	9f48d8a97b483072b4bc8065c30d67fb8e128c9631f7f28e722ca5716fa6d534	smp	unrecognised	map-component	no	-
English/map/AILIBR0.SMP	18660	551cd2d8fa52f5fa0b9acf2f98709b96e534631db3e74e627d5c9c6e1785412b	smp	unrecognised	map-component	no	-
English/map/AILIBR1.SMP	18868	da3e6a55f1bfb1adc32ed1cb2005e879010b27dd83e006282ab329ec0d52403f	smp	unrecognised	map-component	no	-
English/map/AILIBR2.SMP	18972	4119ce9a79b48a87fbba4567230e4f336b3f809448d9d234e3d902dd73024232	smp	unrecognised	map-component	no	-
English/map/AILIBR3.SMP	18920	f42276e28869ed39cad848ddd36509e59118db34e7fb7127a9624d00def2b804	smp	unrecognised	map-component	no	-
English/map/AIMING.SMP	19534	6216db28aeb369f3b9e263e20be043ec0c9b16ea4ddd5a079b5b2c945a4edb85	smp	unrecognised	map-component	no	-
English/map/AITGIL0.SMP	18660	44725bfd269d462ea905860a734cf02d0096a8fcb0aec0e3984149651f544f8d	smp	unrecognised	map-component	no	-
English/map/AITGIL1.SMP	18972	6976325b853d8c851208089ed5bbc537932512a0c447cc8b0bf9daa52c152656	smp	unrecognised	map-component	no	-
English/map/AITGIL2.SMP	19024	1de7c536da854c981e46dc2a7324e1f28e31b2e9bf01c77fb27cf927cf9e6c0c	smp	unrecognised	map-component	no	-
English/map/AITGIL3.SMP	18972	ab350981dadd9aef0c938f2b9ce1ae3158da0980a4c7bec5813932fbdc370ba6	smp	unrecognised	map-component	no	-
English/map/AIVILG0.SMP	18660	d9fef472e43e87150dcdf769bb2ddc97b30f43f0faa07c460032d584be064b4c	smp	unrecognised	map-component	no	-
English/map/AIVILG1.SMP	18660	a725e9dd70a11e5e47184b3f7f3b25e936218bbb0e0118faf766d9c4fb9d14c9	smp	unrecognised	map-component	no	-
English/map/AIWIZT0.SMP	18660	cf5ee178292b5c7c533d9f51df84646ec298823e8a3a18cd5f7841ca644990a7	smp	unrecognised	map-component	no	-
English/map/AIWIZT1.SMP	19076	9c19e34f296031b687d8f1f4ef17789befb5aaa4b31afb2d13538dfac36c45ae	smp	unrecognised	map-component	no	-
English/map/AIWIZT2.SMP	19076	e830c7f2855c4e48e4f9ed3eead27790f99b97dcac6cd00ff51fd2ef0abca34f	smp	unrecognised	map-component	no	-
English/map/AIWIZT3.SMP	18972	789cfdb9e5171839824db8ac9277ac1f462738d13ce9e0c98579c7f66dbd2046	smp	unrecognised	map-component	no	-
English/map/Avaeron II-128.scn	165151	ee7ee17f929e6561145584e513440f7a30a7856b35502912380c149bc808bd52	scn	unrecognised	map-scenario	no	-
English/map/Avaeron III-128.scn	165151	98cc3c70a8a97de4f5283bd7852909e90600ebe1c1bdbe2dd6b5a98a8e0fb470	scn	unrecognised	map-scenario	no	-
English/map/Avaeron IV-128.scn	165200	faf356045b9b46a74f79971258713e92f87510daf76cda34f4c55043b62d0f8a	scn	unrecognised	map-scenario	no	-
English/map/Avaeron128.scn	164857	7806ae01159c378a79b36ab668ff0bc29ccec040e81530503a1f14a2b339109b	scn	unrecognised	map-scenario	no	-
English/map/CAVLAV03.SMP	18932	75f45b8e0070fd3ca2fa5517d1bbff5204caa88ce8f53793ff929a6368b9f8ac	smp	unrecognised	map-component	no	-
English/map/CAVWAT02.SMP	18644	4b7120fa467dda74e75e3349e88c925519a550d3019de0cd0589a6a5e1613ca7	smp	unrecognised	map-component	no	-
English/map/CHBRKS0.SMP	18660	6f4162fb79a0a74a92760e14a6bbff8503ba355c4995401e36319fb2c7a9281f	smp	unrecognised	map-component	no	-
English/map/CHBRKS1.SMP	18920	1ed19164d800d72761cda5e74ae64897174febd99518f52fb12b4e679f968642	smp	unrecognised	map-component	no	-
English/map/CHBRKS2.SMP	18972	8019689fd12ea747fa11db3ef8c8ee5fcbdc64de77fb82bfe1e5362e87a10fde	smp	unrecognised	map-component	no	-
English/map/CHBRKS3.SMP	19076	02e7287b32d3c8dca166585b2cd9733de950a414568df04a3e041c5b1afade3a	smp	unrecognised	map-component	no	-
English/map/CHGTEM1.SMP	19093	7ee81a18d2d0a4c48ebad1dd464773d1ac66446c019ea6ee76474f95b281102f	smp	unrecognised	map-component	no	-
English/map/CHLIBR0.SMP	18660	4b90241497985aa19a653d1121061738be1c390d2fe205d0366f96520b2df27a	smp	unrecognised	map-component	no	-
English/map/CHLIBR1.SMP	18868	30597c5fed1e3190783870bcf60e2017f0a2b25d998b824b96c9624746227d37	smp	unrecognised	map-component	no	-
English/map/CHLIBR2.SMP	18868	475709efc7f2552aae71d757630791ba5dd9af7910c882c17e6930db2884ce64	smp	unrecognised	map-component	no	-
English/map/CHLIBR3.SMP	19024	cc9fa4fe931ef90d1da70826ef9c1f3cd231392a6fb343363685f88dd33d91df	smp	unrecognised	map-component	no	-
English/map/CHMING.SMP	19828	b09d373e9ea06ae2648927cfff4e6b133d8b4f61278e9fadbd70780e2e5aee7f	smp	unrecognised	map-component	no	-
English/map/CHTGIL0.SMP	18660	4eaed63d1aff1df11813824de9cd97c02d1c20e04fb48dd549d0c2a01acbea62	smp	unrecognised	map-component	no	-
English/map/CHTGIL1.SMP	18920	0eafbca82d98ad2b226c9e5c33235c3dcac2ba7473dfe2b5322e44a2552d4f9c	smp	unrecognised	map-component	no	-
English/map/CHTGIL2.SMP	19024	85c93f909587cd494f0ea7ec597f4e208c170d33220f58c1b349dd59c412aabc	smp	unrecognised	map-component	no	-
English/map/CHTGIL3.SMP	19180	8764e23a24d2eac63f7d64e6051c41f04ed5b4c13f422f08ae266c534aaac637	smp	unrecognised	map-component	no	-
English/map/CHVILG0.SMP	18660	a8a5ea3cdbc248cb75e466bcab995acc3c5c9029058efa2738e29f87e3449456	smp	unrecognised	map-component	no	-
English/map/CHVILG1.SMP	18660	890086a8e290c1895eb0842553a8669c4f3c397ba07b4c5ebc0c1540c991d1e3	smp	unrecognised	map-component	no	-
English/map/CHWIZT0.SMP	18712	3d16769f2d8b60929fc1388e35e9c4572ab021db0a6446ee4276ee8267058a00	smp	unrecognised	map-component	no	-
English/map/CHWIZT1.SMP	18972	2523d6ea84e8805bb68f9b86cc98d41c731f7d1e830c41e681deed0490e70d2b	smp	unrecognised	map-component	no	-
English/map/CHWIZT2.SMP	19076	de7d648d79a632de3737344832d4d97b07f55273e23567e1374717931cd57c5b	smp	unrecognised	map-component	no	-
English/map/CHWIZT3.SMP	19076	ea7702bc63b84752aecc4982a0557df45ef728b94e139c3efa32cdc4dba9da67	smp	unrecognised	map-component	no	-
English/map/Corlis.scn	173187	99f8922b091d60109e17be0d48625019276aa334ef134f52f0e80ce389a888fb	scn	unrecognised	map-scenario	no	-
English/map/DEBRKS0.SMP	18660	7fcda67f6aac711ee8079b1190262fe42855ae65f00bb886e6f415ad5d31a977	smp	unrecognised	map-component	no	-
English/map/DEBRKS1.SMP	18712	b3bcbb98fce9e23c83c833d6ee04a247cef800fd310886210cfd04b862460865	smp	unrecognised	map-component	no	-
English/map/DEBRKS2.SMP	18764	713478252b815667a2cece5067a72e1f3422a0ce886a6317b93cf42b124f40e1	smp	unrecognised	map-component	no	-
English/map/DEBRKS3.SMP	18764	c1a2b168f00cc280e4dfdee7c95d165780831ca68089da2d886fa0e7a4b3e5b5	smp	unrecognised	map-component	no	-
English/map/DEGTEM1.SMP	19191	012b37c5c9a9c4b2f69e8689e27adc4687d1b002be43732d01f3cea417ee9cf9	smp	unrecognised	map-component	no	-
English/map/DELIBR0.SMP	18660	a9207d6d893053c5d2308755426fc22b624c3a088ab877c432929670db20f7b7	smp	unrecognised	map-component	no	-
English/map/DELIBR1.SMP	18764	ed5e4a8845cd03cbde6a6daa47e6cf478d8bcceac8dbc9e6a515e34604eaad40	smp	unrecognised	map-component	no	-
English/map/DELIBR2.SMP	18764	f33efa617e376dcf24786095bc4fd0b6764102d3c416a990fa667a56fa376909	smp	unrecognised	map-component	no	-
English/map/DELIBR3.SMP	18764	385b97f597a3f8020fbff99904467236845c9785158e065a1937a6db7c4ca322	smp	unrecognised	map-component	no	-
English/map/DEMING.SMP	20465	e05b9f41cab22e786312cd7fb1db0d25bf16d71ce2f51df5e62ba3439d3bd4ec	smp	unrecognised	map-component	no	-
English/map/DETGIL0.SMP	18660	2ab7b267382253d63ed12013cb575d013c1701ba300e4e1b823795b4cf8f02b4	smp	unrecognised	map-component	no	-
English/map/DETGIL1.SMP	18660	61bf0bf6e79faa42ce4eb802befc3c1a5a753a35b67a6e08189125f23ba4635f	smp	unrecognised	map-component	no	-
English/map/DETGIL2.SMP	18712	7cd3a76c0c25d71d8ecbd9ba03bf3e51b9592af8802e5de6e0d8b3cbb87671ee	smp	unrecognised	map-component	no	-
English/map/DETGIL3.SMP	18750	d8655cfe1c55c5786b001c2033a6005f42f36a42cd4b7527e48ab801a003c17b	smp	unrecognised	map-component	no	-
English/map/DEVILG0.SMP	18660	9f00101971cf3f3e54acfd16812cd608e995821bf6cdd95bfe42808fa634ef07	smp	unrecognised	map-component	no	-
English/map/DEVILG1.SMP	18712	94775f41c80e0649cd50cf823b53b9056caf59c958059dba6478e92279a79991	smp	unrecognised	map-component	no	-
English/map/DEWIZT0.SMP	18660	4a9c9e469c370afc1401fa9a54c7f1adbaacf16cf7398dcb6ebc17802211b523	smp	unrecognised	map-component	no	-
English/map/DEWIZT1.SMP	18660	8b97151ff839b96f89478c52983e642f40dd90236e91c8cebb4154ae8c21ae39	smp	unrecognised	map-component	no	-
English/map/DEWIZT2.SMP	18764	e6b1db5c7947e1845ad58ee10dc07ef45ddf2fa3030b568baa6a46bdef5966dc	smp	unrecognised	map-component	no	-
English/map/DEWIZT3.SMP	18764	8ee203dc0ff27224a4c0f55696109365b7c14bd64d08de371601da2f68d4a7ed	smp	unrecognised	map-component	no	-
English/map/Denmor64.scn	37888	eb036701dbd47bc0470cc1bc86bcbbc1456f337821ea470a0c022d5a1f38bb15	scn	unrecognised	map-scenario	no	-
English/map/EABLDG02.SMP	21140	e96797fe9c53c21ecd3e02b30e5def933fc29a0d77e12fba6184c27a8aee5638	smp	unrecognised	map-component	no	-
English/map/EABLDG03.SMP	21044	69f0f9e2dbacb2a400392705e38fad0476bd60f7cba5b111c7d8198fd74c299f	smp	unrecognised	map-component	no	-
English/map/EABRKS0.SMP	18660	99809f228b8e6f649e6374bfc2442875ab0be75dd23007105ef70fee56ebbc55	smp	unrecognised	map-component	no	-
English/map/EABRKS1.SMP	18868	7565cca027c64b0cc81090148b0209b0b27c9e4d4bb0587ad1f67e264de27efd	smp	unrecognised	map-component	no	-
English/map/EABRKS2.SMP	19024	e441f22270258bd201b097fb6e66c27d1490e6fed754bfabdc8d83a5d4cb0e17	smp	unrecognised	map-component	no	-
English/map/EABRKS3.SMP	19024	32f4243df1a26aa1d0d61cfb93fe5aa5ce2d3a9b76d69abbfd178c72c8e0e0e9	smp	unrecognised	map-component	no	-
English/map/EAGTEM1.SMP	19632	3418aec46d2bb8e07db80134846e83e833aa0214596de771d66ad834dff70230	smp	unrecognised	map-component	no	-
English/map/EALIBR0.SMP	18660	9135b2624223568dbfabfaf33bdf0c0c73d77a4457b47b8b2be0245e393b2a96	smp	unrecognised	map-component	no	-
English/map/EALIBR1.SMP	18972	ddda3ac85eac1fe5930b8d0f2314c93dea2840e07e05dd0bf34b0660b78c0cbf	smp	unrecognised	map-component	no	-
English/map/EALIBR2.SMP	19024	c76371c45bce5a5c15825bd7b834292488062c44a28525d2c0fcd323154a35c3	smp	unrecognised	map-component	no	-
English/map/EALIBR3.SMP	19180	e5f3bfb98126bb98e95b7d8573eb6adb18506aa555214c3310c9aef2df6bae68	smp	unrecognised	map-component	no	-
English/map/EAMING.SMP	19730	501d389738e5fe0ce480c12ec1aa6d6abfb41db7142eef53210021b055ee9eb0	smp	unrecognised	map-component	no	-
English/map/EATGIL0.SMP	19232	d363ebc6a11963a3205c6ef3902e3e1934b6fd7d0c359b4edb4417a818a2a915	smp	unrecognised	map-component	no	-
English/map/EATGIL1.SMP	19232	52aa6bd202987c910000c9b2895d436e1bd2bd99aee5f9ddea9b30a9b9c81020	smp	unrecognised	map-component	no	-
English/map/EATGIL2.SMP	19232	a9def9555e6a24ecc8d44d6a0cfbe1a17d72a5790f7920c93635c07e0733f30e	smp	unrecognised	map-component	no	-
English/map/EATGIL3.SMP	19180	ba1e3d43fbbd086650175494af653bc106e5ac1dc5836882045d79f98cce8daa	smp	unrecognised	map-component	no	-
English/map/EAVILG0.SMP	18660	d8e54b62405c110d4a7fdb0bcbd4b7d700c5db7c9adb085f704e930a7510090b	smp	unrecognised	map-component	no	-
English/map/EAVILG1.SMP	18660	bd88c1dda11c2f9b2b28bd2053e717522e6a64806afa903d480cb56ea5b11de7	smp	unrecognised	map-component	no	-
English/map/EAWIZT0.SMP	18712	4786d1a8b1a8d0046a945950f3166cf82c2efc6ea53367121977a0de15c7809b	smp	unrecognised	map-component	no	-
English/map/EAWIZT1.SMP	19024	2e635c8029a1a2cc862c1915f8e4ac8f7139ec05634a45fa242f6c50eb711100	smp	unrecognised	map-component	no	-
English/map/EAWIZT2.SMP	19076	839ad7dc0f7ef3930c7a142d4be3642151727a2e30d77f6429c4a9fc8e81ea0f	smp	unrecognised	map-component	no	-
English/map/EAWIZT3.SMP	19128	0cd1f9c0fb74f90bb23efba70531c436062d68cf73130bccb9d5f8c885ad8c3b	smp	unrecognised	map-component	no	-
English/map/EarthScenario.lgd	164514	32e13257cd6c744b6cb0f3dae0fbf34ad062ced8397ae1609b49ddb868d6598f	lgd	unrecognised	legend-scenario	no	-
English/map/FIBRKS0.SMP	18660	4775aeb34141c15e6e9ad6feca7094a8b8846db282db741eafdb314d60fa0027	smp	unrecognised	map-component	no	-
English/map/FIBRKS1.SMP	18816	d03c39c2939332ed588d7e87d22c4eebc8698c1c61010f88873b407edd3150f0	smp	unrecognised	map-component	no	-
English/map/FIBRKS2.SMP	18920	d2fe3509b2e0885e4737bbed77107384da2407d6c24bda10798056736251b6e3	smp	unrecognised	map-component	no	-
English/map/FIBRKS3.SMP	18972	b93bfa25f922d50a6ddb7651f50fc6e7c64378ca950d25b4b844bd0f47d9cd34	smp	unrecognised	map-component	no	-
English/map/FIGTEM1.SMP	19436	53f554d1eeb229c71cf1f6ec600ec181990648f5b26a79dfe84e2395eb9c569e	smp	unrecognised	map-component	no	-
English/map/FILIBR0.SMP	18660	e499f3bc9524ce0900b7942690a277dd7f7ba3a9e9881209aff29b2b9dc4c71e	smp	unrecognised	map-component	no	-
English/map/FILIBR1.SMP	18764	5bf47d61e587b3dea37d16b7d400209486bf13eb28d2b024a9f33da1385c4e6a	smp	unrecognised	map-component	no	-
English/map/FILIBR2.SMP	18868	70dffd36be3b3d1c10ca9e8289c646a5f5b0a8e68cb0c72d1d65ac48db6674f1	smp	unrecognised	map-component	no	-
English/map/FILIBR3.SMP	19024	287ed783a48c4fb9cbff53111ee51cb89439c3f683a0e4cb8ea737e9ba100abf	smp	unrecognised	map-component	no	-
English/map/FIMING.SMP	19534	37b9437f72d893b56b589efb7233dabe569bd07da8edccc35449a9d282b5157c	smp	unrecognised	map-component	no	-
English/map/FITGIL0.SMP	18660	bc95b094e3b1b21780751568a6e78a8e022d9b28125570611f9701905b4fa835	smp	unrecognised	map-component	no	-
English/map/FITGIL1.SMP	18816	8fea68c57b0f94216e5c5ac509e976f7ad1c3ced1039cae0f0027cb8c158570d	smp	unrecognised	map-component	no	-
English/map/FITGIL2.SMP	19024	7388fb41444e0f1f233f4d41541d80c42f58d276d4a7587c6930779148c496fc	smp	unrecognised	map-component	no	-
English/map/FITGIL3.SMP	19076	bf1f531246ea40a93d8d26d3cb87a9e65fc4fc5b45670bb5281f0b946cb9b129	smp	unrecognised	map-component	no	-
English/map/FIVILG0.SMP	18660	8b0431a857ce424ab37dbaabef66a87f4c8e7df1a476f2b939d6b6877d9ccb79	smp	unrecognised	map-component	no	-
English/map/FIVILG1.SMP	18660	2953d4fdb200c2562fa2d7160581244bf9b5e0499d50e4cd596b55a373557ab7	smp	unrecognised	map-component	no	-
English/map/FIWIZT0.SMP	18764	c5c5106a48a39abba062d5f057cebf1d1f372c13c861c8e2c311b245ad2f226f	smp	unrecognised	map-component	no	-
English/map/FIWIZT1.SMP	19076	829d3d2c9552313e26fc91258b911d1bdbe280fd72fa6ee36951e70111cd613e	smp	unrecognised	map-component	no	-
English/map/FIWIZT2.SMP	19128	59d53b6566896aa801750df0b41689fda5499e41ac1343331ee14bf48e36443c	smp	unrecognised	map-component	no	-
English/map/FIWIZT3.SMP	19284	74991f060c863a85e5e3d4f0a5c8a18601489192d5a5bd4284ec3251b6866837	smp	unrecognised	map-component	no	-
English/map/FireScenario.lgd	149765	b4b2fe070a85b58e99efc0e53a1f5e0677595b785642705977d2ef61e8a1e2bc	lgd	unrecognised	legend-scenario	no	-
English/map/FireScenarioold.lgd	145004	c21368d79803584ebe3ee4b268b988a821e38260f3d62e96eaf12bfb48624151	lgd	unrecognised	legend-scenario	no	-
English/map/Gauntlet1.smp	19730	ade2fa0b970130e18eb3c6ddaaf3f1d97de35344a214f751ece9352c374aefaa	smp	unrecognised	map-component	no	-
English/map/Giganta256.scn	595852	313699e16376248b8540982792555ab2c84021c2d6221bd16de9dd0944ae02ec	scn	unrecognised	map-scenario	no	-
English/map/Hardandfair.scn	158758	534320e6d1263f2ee417db5a44e0611b50d15879052ab939716f3e7258bfee42	scn	unrecognised	map-scenario	no	-
English/map/HardandfairII.scn	185947	80176aa51e062117de36af864c4dc8d27451c7fc0f1a8da93fa98377977ecfe8	scn	unrecognised	map-scenario	no	-
English/map/HiddenScenario.lgd	142464	959ab2babeaf6061afabeed5a36b13ed706d003b1a6c2d02b8c7f123ff79d53b	lgd	unrecognised	legend-scenario	no	-
English/map/HiddenScenarioold.lgd	133865	34d0fa86e25a16bb75e0fb642c5b20e492772063223ea8cd2d859f096c6aa8d5	lgd	unrecognised	legend-scenario	no	-
English/map/Kelmor32.scn	9392	bb94d941a7a007f2a95ca52e408baa2d37f03052023e425742d1037dfde1d602	scn	unrecognised	map-scenario	no	-
English/map/LIBRKS0.SMP	19232	a5b670882ebc3c3cdc0c84cb571224954e4c5584e41151504aa82d8b13de34dd	smp	unrecognised	map-component	no	-
English/map/LIBRKS1.SMP	19492	9fdfa6e5d343dfd71581a09ef5a41f51f6436d2fffad352ec3cc2f9a0d6e3dc8	smp	unrecognised	map-component	no	-
English/map/LIBRKS2.SMP	19596	fbde2f9ef4612f9aec89b426026284ba047cb2385870e6090f3f7275c446f09b	smp	unrecognised	map-component	no	-
English/map/LIBRKS3.SMP	19596	16fabe3b4d5cab60827f8a95bf597ec9798ae172665ff455503a0745ad714f04	smp	unrecognised	map-component	no	-
English/map/LIGTEM1.SMP	20318	6c2d48f7d638a3089a6516213bdac98feb42fb79c0d57f86f756d64d9b837244	smp	unrecognised	map-component	no	-
English/map/LILIBR0.SMP	18868	5652b9b13cc3b4f655ee8458db7c798507770838dede3f33f6dadc77768875b7	smp	unrecognised	map-component	no	-
English/map/LILIBR1.SMP	18868	660f350511fcb55f38ddb9da83bd7048190bd0593267832065fd19f84d311493	smp	unrecognised	map-component	no	-
English/map/LILIBR2.SMP	19024	df1b3347a9285c3aa2a046e4f5a7e37b174880de03f87b1b52d8d3ea9e53e8ce	smp	unrecognised	map-component	no	-
English/map/LILIBR3.SMP	19336	9d9fb00670fe2ab8c1a3b78bfd095c64b41bf36ef4d8c25d797b0dd2def9ff84	smp	unrecognised	map-component	no	-
English/map/LIMING.SMP	19632	0642e82742ea60ef14968ca2134011570dd3062a520a42009baa0bfc244e77fa	smp	unrecognised	map-component	no	-
English/map/LITGIL0.SMP	19076	73279aa3d63d97ddc35268b6074d3656b331d5d62aa86cedd57b9109cd20e08f	smp	unrecognised	map-component	no	-
English/map/LITGIL1.SMP	19024	89496d621a600a0991687983e438742c6cb87df480c2d9da8e55ab8dccd9197d	smp	unrecognised	map-component	no	-
English/map/LITGIL2.SMP	19388	72b63be0fa5a4729391aeb0b2901150fa6e1f5f4ef3c6d40a0307dce2a422092	smp	unrecognised	map-component	no	-
English/map/LITGIL3.SMP	19440	b461e0490b4769f35af6e0c00e3c7b06c09db0c8176bf6649e5a216f5b5ef99e	smp	unrecognised	map-component	no	-
English/map/LIVILG0.SMP	18660	46a2fb3b98c7392b34f09f10805eec1593e5d2adb00494efc3a391a62ee6e72e	smp	unrecognised	map-component	no	-
English/map/LIVILG1.SMP	18660	c10ef30f4d5721a9fb65bcf3f5a1af3ae10bad451a87ae1d6f858a6b915ea1ca	smp	unrecognised	map-component	no	-
English/map/LIWIZT0.SMP	18868	e4280479bc5dafcba5af60ac5dcc8107a6de19e7b77b677d18025f869c7e1f6b	smp	unrecognised	map-component	no	-
English/map/LIWIZT1.SMP	19024	4750c86e91cf6e9087902ab8eb2d1ef1cbb3f13d5084f5100b73747963d1632b	smp	unrecognised	map-component	no	-
English/map/LIWIZT2.SMP	19024	0e881cab242a22c2d8122121391abdd0b45949d914ce892885849c9abef307aa	smp	unrecognised	map-component	no	-
English/map/LIWIZT3.SMP	19336	a933619c9438e235a315cd637be25315f0d33ce7b83b8f85ee4a907654070d24	smp	unrecognised	map-component	no	-
English/map/ORBRKS0.SMP	18660	81734262ea07b6ea59b6027be7e45a51dca42ca94722dabf3a5a4621309c7705	smp	unrecognised	map-component	no	-
English/map/ORBRKS1.SMP	18816	d80c91f687bd552021dd14696e51152e0f0590cf001230746ddc37a2ccb606fa	smp	unrecognised	map-component	no	-
English/map/ORBRKS2.SMP	18972	c429d9d8284c096cc733133a8cf05069010c37b8733db7b961629e96b642a4b2	smp	unrecognised	map-component	no	-
English/map/ORBRKS3.SMP	18972	2b73b9d64bb125becd0bf85b4f9e8a673df6d4c6e6216883846e497b91199e15	smp	unrecognised	map-component	no	-
English/map/ORGTEM1.SMP	19240	d42cbc26a61bbfe38ca1b57c1330a5f19caa5d5e6a32ba8012101add8cab6595	smp	unrecognised	map-component	no	-
English/map/ORLIBR0.SMP	18660	e55d4efafda358e124935d1fc71995cdb425443b8e9e8b543ea0866340112f4c	smp	unrecognised	map-component	no	-
English/map/ORLIBR1.SMP	18816	3256a15adeb0ab822470acfd29a3109c6776c5b16da9864b8af5e9e451ec2fd6	smp	unrecognised	map-component	no	-
English/map/ORLIBR2.SMP	18920	48a7af8588bf3b53389daecb4a639851280108e9fe8fd346c9a5d7d40920e3bb	smp	unrecognised	map-component	no	-
English/map/ORLIBR3.SMP	19076	4468b2609db5aa3ef63bf09afcc6d7f6f8e146b923076c45c31b9c406b5be73b	smp	unrecognised	map-component	no	-
English/map/ORTGIL0.SMP	18660	41c16d9b2113fe3e4806f6fae54e1c0f2371b33ac9a26e4aec9f3dc3ccc6d632	smp	unrecognised	map-component	no	-
English/map/ORTGIL1.SMP	18764	c9a891d635ef47906557bfbb34a4fd276640d9a7c6adf2582aa44056286e11a7	smp	unrecognised	map-component	no	-
English/map/ORTGIL2.SMP	18816	bfb5c6df94e35e494c3470707fc5bdfe0c8a9080080f89386b90b7ca67e4f5c1	smp	unrecognised	map-component	no	-
English/map/ORTGIL3.SMP	18920	9fa36f881e750b31d3803184eb544757f644f4069d18d34b6bffcd8c0a320569	smp	unrecognised	map-component	no	-
English/map/ORVILG0.SMP	18660	6f756e07741f086e3d51aff6925f1552cbd76aedb00175e951344c926ea8994f	smp	unrecognised	map-component	no	-
English/map/ORVILG1.SMP	18660	588d2eadd74d42f3f53012fbebedb8d94387dca5eda99cfb60db829c74a83630	smp	unrecognised	map-component	no	-
English/map/ORWIZT0.SMP	18660	7512432f433ca36ba33b06384250724804b5ee8df8611a7f14f0425072d3d0d8	smp	unrecognised	map-component	no	-
English/map/ORWIZT1.SMP	18868	44f740ad943ac1b3d3159e0bfaffa63adc74f7b681ae211b11afa300fe39a4d9	smp	unrecognised	map-component	no	-
English/map/ORWIZT2.SMP	19024	98a2b951ee0aa9779acdbddd29da3dbc7c2b8867e7015b63ad2adc0e43a98bb3	smp	unrecognised	map-component	no	-
English/map/ORWIZT3.SMP	19076	c282ff834a3ed98d7aa52303ffd1696bc7a1b69991a5fedeaaef29144bb5feaa	smp	unrecognised	map-component	no	-
English/map/Penara III-128.scn	157850	a3568ff29740d3840c74241c127b3816214cc5612c28ba7a381c363184f77b14	scn	unrecognised	map-scenario	no	-
English/map/Penara.scn	163387	506b532ff06c9bc178e770fb7d11fc1f7c02bd4b571192e4e77df32a9581ac09	scn	unrecognised	map-scenario	no	-
English/map/Roggow IV.scn	171080	6f8fe2f9a0aca11ed7523d2067a0106f5e9d018b6f55642f2a6e4e01ac5ac173	scn	unrecognised	map-scenario	no	-
English/map/Temora.scn	168777	2bf72f0330a2e50da851277cafb0a2b9610a85e1ed8735bc690d8426b559b0a1	scn	unrecognised	map-scenario	no	-
English/map/URAK.scn	159173	e6db8d776fa6985643a611d0986d73471ef120d254ab412100465f5ecb566030	scn	unrecognised	map-scenario	no	-
English/map/URAKpartII.scn	159663	afdae9f9704b45c1b860e9cec7aba43663796c45b406cf56d2bf975914dca222	scn	unrecognised	map-scenario	no	-
English/map/Vortigrn.smp	19583	cd240031d44b4449c305303dff38f293a3af93af632db9479bdacf567a3603fa	smp	unrecognised	map-component	no	-
English/map/WABRKS0.SMP	18660	59eee842cac8aa6aed92076b59f5dd300a67f5ff665db4c801c9feedd3da00f0	smp	unrecognised	map-component	no	-
English/map/WABRKS1.SMP	19076	09d1a1ad805f168e30706863c0476eb18855753ecc2ed776d59c2a14257ab8c7	smp	unrecognised	map-component	no	-
English/map/WABRKS2.SMP	19024	a2807f3b5b2b35dd05326dc9cf70665bd1c5c36b0dbe6e9e152bb9a9b91d3c72	smp	unrecognised	map-component	no	-
English/map/WABRKS3.SMP	18972	6ccd210d52270f42ce6c483d4837827910dc948074958479cd7a9c587a7ff92c	smp	unrecognised	map-component	no	-
English/map/WAGTEM1.SMP	19338	a3bdf143e30a628169d4fb8691cf5e908ec5c310f47a47c287dfb6dfa5f59022	smp	unrecognised	map-component	no	-
English/map/WALIBR0.SMP	18712	d6991234c32c7062482136d796678c01f3da0f470139a287d8d0ebd8649e73be	smp	unrecognised	map-component	no	-
English/map/WALIBR1.SMP	18920	85c8978181a75d8a95b8688bc31ace27a3060105de8e17c1993294e1d08c1bb3	smp	unrecognised	map-component	no	-
English/map/WALIBR2.SMP	18920	c7c37ae425c2e8b5717b036ac291d9b309d2a8eee7bd861409a51e2cc949bc6e	smp	unrecognised	map-component	no	-
English/map/WALIBR3.SMP	19024	3986b5b7fb70dc193d3990f609273cb9a2e91634d346bfa3a92e0abb640936a9	smp	unrecognised	map-component	no	-
English/map/WAMING.SMP	19681	09c77132db6f4185d200f09fedba0339d3402bcf65018f7b40796dce737da2ee	smp	unrecognised	map-component	no	-
English/map/WATGIL0.SMP	18764	ba86aa14cf2398c673798eb7bd37c3819503f5c17eb74d1dcf2d79374cb85a5d	smp	unrecognised	map-component	no	-
English/map/WATGIL1.SMP	18972	9c2fe623ba34463b674712148cc6f7c09001db2591e98fdf7bb97817489f91c5	smp	unrecognised	map-component	no	-
English/map/WATGIL2.SMP	19024	c170a550e884ad90cf288eec346a541a279a64d19aeca0a1e020b5c74e6406b0	smp	unrecognised	map-component	no	-
English/map/WATGIL3.SMP	19128	b0dfe2fb19dc73f664dd2cad1e1f8cd2f1dbdca208b4f2cb09a35cb8b09ebdc0	smp	unrecognised	map-component	no	-
English/map/WAVILG0.SMP	18660	13bba02b5b920943bebb6adc59e873c6aa855e2338b2c550e2f70a4cbdfadded	smp	unrecognised	map-component	no	-
English/map/WAVILG1.SMP	18660	edbf5caa9135f7ce505eb6d14f7da54bd81fd3c63f53dbe8621172fc92b648ab	smp	unrecognised	map-component	no	-
English/map/WAWIZT0.SMP	18660	3e96a38c68ebe23a32c0e805309a94e67674dc5d40e995c351f2bbf2643031b1	smp	unrecognised	map-component	no	-
English/map/WAWIZT1.SMP	19024	595f8f40e7bcf292c0c94e24ca61869104ad0040afcdbd0e4c623852872e23e0	smp	unrecognised	map-component	no	-
English/map/WAWIZT2.SMP	19024	e06e9e5da8b0bdbb1a37921bb9b5adafdfdd212e78b5c6a83a45a2cde7ba1571	smp	unrecognised	map-component	no	-
English/map/WAWIZT3.SMP	19024	3cf9650ccbd480a0fc59801ee505b12a12ec13c11d8ac7e93cb2c8ddbc158d21	smp	unrecognised	map-component	no	-
English/map/XpertOnly.scn	146939	42b0072610530fa2019534c6af2312f0beeb07ae819b5f7737d72842178ab0ee	scn	unrecognised	map-scenario	no	-
English/map/XpertOnlyII.scn	146674	25a3e0b797c5de6d6f49da0d38c8c74a95e5e99c37e74f537a5a019dd852d591	scn	unrecognised	map-scenario	no	-
English/map/XtrmH2O.scn	150808	b3cc1560bb5b055c1781dc0d7373935857938c1180f64805aa755c6bc55edef3	scn	unrecognised	map-scenario	no	-
English/map/XtrmLAND.scn	155106	51f97b8b1719b525b4eae2d422efb21cfe1b23cdfe7d22416dc727fa4a2cc6a7	scn	unrecognised	map-scenario	no	-
English/map/aicave.smp	19093	109e82b2e8391a5be6ccf61faa3c67af549d7204ed993a2ae242a7d9acc1e069	smp	unrecognised	map-component	no	-
English/map/aicavmule.smp	19583	8e310af775cb0d3ebd6085c3b0cf9588ba8533914d660d1f03ae50fd0e79e3e4	smp	unrecognised	map-component	no	-
English/map/aicavmulh.smp	19583	c6724ef40378151b2dea11bd0c97c4bdf38c172215a05a792ee9ef2d91e9bd9f	smp	unrecognised	map-component	no	-
English/map/aicavmulm.smp	19583	671eacb5c806e4f17340b4e6efbaf3919dcfb618d3189c7d3e0cd3a801d7adf3	smp	unrecognised	map-component	no	-
English/map/aidung.smp	19289	24b496155224857fb51654c0f8b25b004c4fefea967a14f9fa54715e651db373	smp	unrecognised	map-component	no	-
English/map/aimina.smp	20710	6f0fc07fed8b668e3317186f7093c4e2d76432eebaf86a3c29d08aecad33dcf0	smp	unrecognised	map-component	no	-
English/map/aiminc.smp	20220	922d68e35a13aaa0193e40784de6107156b5817c03c263cc56859a6c7a365f0e	smp	unrecognised	map-component	no	-
English/map/aistat.smp	19338	6eef625262f5b12b057ea42455656d3dfb2be722a6da8e102d88bb95c749e040	smp	unrecognised	map-component	no	-
English/map/aitowe.smp	19289	9ad032e15ecfdb7f34f53069c30a23225c09fd07d5b0fc9c98ca822a6f9dc5e7	smp	unrecognised	map-component	no	-
English/map/animalcave.smp	20220	7c772e467f0f087a1c3c666b420a345b952a540a134ec208cb34f18430fe5b75	smp	unrecognised	map-component	no	-
English/map/barrow2.smp	19240	ad86112512d3c6531c2027cd7257be9fcca4afdabf106a6fefb40f4d4236d520	smp	unrecognised	map-component	no	-
English/map/barrow3.smp	20367	739c7eaf33b36411e7432ac9ae59a0710f391cd3c828ef4b28b7c5cf310a42e1	smp	unrecognised	map-component	no	-
English/map/barrow3a.smp	20367	1ff523f433b6fd942720174d21b7f82d85e642b129d748d28fe94ddc5c95711a	smp	unrecognised	map-component	no	-
English/map/barrowl1.smp	19534	0f8d1c196d5d2ccc1d8ba601133c9689efe1a0059b2aaaee7ae222cf77f865fe	smp	unrecognised	map-component	no	-
English/map/barrowl2.smp	19485	562ccefd81ee4b43c4ffe177bf5db1842deeda16a08e7dfd10142dacdaa6ddfe	smp	unrecognised	map-component	no	-
English/map/bridge.smp	19730	8e0e0a3b13ef6d2fa7d978dc8ec49fcb2be505dc9dfc15ca13b6504d90d26017	smp	unrecognised	map-component	no	-
English/map/castle.smp	19779	05d94804ebd40aa625b8b68559671790445bd82d5fbaccd1a021f66772bd7c1d	smp	unrecognised	map-component	no	-
English/map/cavea1.smp	20024	d685b5b6b6266e9db985bdc6818251c8467724a18d008d91421f82b6deb3ae6d	smp	unrecognised	map-component	no	-
English/map/cavea2.smp	20024	04e0b85484fc44bf5c715eaf534b81faad03a4993626a80da0067c79729a3c1d	smp	unrecognised	map-component	no	-
English/map/cavea3.smp	20024	cf7a350e1306321be603a7632d9e0ce77057b782459ef155666d5a9c2f7a65f5	smp	unrecognised	map-component	no	-
English/map/caveb1.smp	20318	ed8690d4cbb39a684056181dc90a11175e186fbcad0d52591c7621431b4493db	smp	unrecognised	map-component	no	-
English/map/caveb2.smp	20318	ed828e8e8f48dd7bef92d96828064eb1115ce9a895a68e43847e7a7fa35c8cb8	smp	unrecognised	map-component	no	-
English/map/caveb3.smp	20318	68d71965e70541738326a0c1882e9ee3518b000061f3037c49fc71f605657b80	smp	unrecognised	map-component	no	-
English/map/chapel.smp	19779	3733e728860d5edf06a0e153a19aa4ee7101534c2249033dead4c496ed0ac58c	smp	unrecognised	map-component	no	-
English/map/chapelin.smp	20122	8b1212094736d50e27421108053c660266e514479f14827fd986cdddd71c8f0e	smp	unrecognised	map-component	no	-
English/map/chapelout.smp	19779	3733e728860d5edf06a0e153a19aa4ee7101534c2249033dead4c496ed0ac58c	smp	unrecognised	map-component	no	-
English/map/chbldg01.smp	32788	c7be7436d1deee490bde043e4dca2b51ace0b7e78e3fe6b399303acbf2b848b6	smp	unrecognised	map-component	no	-
English/map/chcave.smp	19191	4157af504c7fdb255fa6345cd611cdc1edd5ca027fd1518476a04bfa33eec6dd	smp	unrecognised	map-component	no	-
English/map/chcavmule.smp	19926	92df777470bbf018a7a518d36a07d0ad1764098ab3d793a4f487fc09a1e0bf89	smp	unrecognised	map-component	no	-
English/map/chcavmulh.smp	19926	2dce59de86be267dd688df2093f6d3caabeee732aaf96d3b221f0d64dd800972	smp	unrecognised	map-component	no	-
English/map/chcavmulm.smp	19926	84a1a2a15d40832eada0ce5205e341530f8369c638b8f55b3550cc501b1eaec0	smp	unrecognised	map-component	no	-
English/map/chdung.smp	19338	0ccb38ea73352110f1accc5afaad08c59dfc50e99bb9aecb404eb74a22f2e2fc	smp	unrecognised	map-component	no	-
English/map/chmina.smp	21151	897004fa9014ce7b2d2ef4a13abad9360506c31713805d52c7b7cada13af84b2	smp	unrecognised	map-component	no	-
English/map/chminc.smp	19779	8f9ca63fe2349891e244b2a9032ac2d586266692d75c17ca72d6f92e88dc3d04	smp	unrecognised	map-component	no	-
English/map/chstat.smp	19485	45111d81e9960fb3ebfcfd47948764235a7d6a8622594f0e3eda9f28f94dd793	smp	unrecognised	map-component	no	-
English/map/chtowe.smp	19583	0216d70dbafd1a16ee457dde9c3fab15abd4d85b400ed0f461df071ed4b85384	smp	unrecognised	map-component	no	-
English/map/crystmineshaft.smp	24336	5589383d8e79448f297cda38b268d10c49d7f4890dd7765afd0a887d1558c26b	smp	unrecognised	map-component	no	-
English/map/deathscenario.lgd	137319	d59428d2870b8e35f77baa569b05e53a419ff5d69dc4abe1bebd96f1821f30f2	lgd	unrecognised	legend-scenario	no	-
English/map/decave.smp	19436	8eec0aae41c0803b3b8b0a242b42f3d65f70c03e2f060deaac50d4a0571b9c2c	smp	unrecognised	map-component	no	-
English/map/decavmule.smp	20465	bc4c3d80170011b2018809c01cdaff4ce673b0cdfb66dbda3e7f9b4d5c78025a	smp	unrecognised	map-component	no	-
English/map/decavmulh.smp	20416	3ff049685aeabec942ea92851f9dd0faa1b3b45fa35d57566f56569900d7c27f	smp	unrecognised	map-component	no	-
English/map/decavmulm.smp	20416	65a4a68f0a00968ecaf6f6be6fa6293b9f1fe419f72204cd6b0ace3d9fd9a88f	smp	unrecognised	map-component	no	-
English/map/dedung.smp	19632	fe34b4bba1d91e48b836e634c14908dee17a56f19a7c1cf135748f36dcd7f745	smp	unrecognised	map-component	no	-
English/map/deenc4a.smp	19627	cec38ff5e7eb375ebbee7ee1d433a78d657c2c46e4f747ef993f7dc0512b9682	smp	unrecognised	map-component	no	-
English/map/deenc4b.smp	19580	2b953ad726233d1c90bf3c79958a79d1b1dd74c99754ed5db0655d963fdc7b50	smp	unrecognised	map-component	no	-
English/map/deepcave.smp	20465	261bfb9d9663729f80cfbe395aedc8645ab7b9b5c6ba9933bc01f618043eecb4	smp	unrecognised	map-component	no	-
English/map/demina.smp	20318	371f88a509ac0197553049b27916fa63b994fad56318383ad9944e5e67d796b6	smp	unrecognised	map-component	no	-
English/map/deminc.smp	20073	3344a4bb8a36bace42d2f9743460ed67d052835ad46bb4c03de61be97eb60b10	smp	unrecognised	map-component	no	-
English/map/destat.smp	19387	9272919407fd4cd33dd55ac7016ab7a298cf57908b9e871646ef13458e23324a	smp	unrecognised	map-component	no	-
English/map/detowe.smp	19289	14a22d7fe0c318d0c9b045ccbb102f206ff0c452dc2d0e8d54a947fa09ecff17	smp	unrecognised	map-component	no	-
English/map/dragonduel.smp	19828	53a5ce9ecb600cbc6d1ae9c755ce539047b1404d1beb7ddc983e13ff89b0277f	smp	unrecognised	map-component	no	-
English/map/dungeon.smp	20122	fcfc9d6f1f0a9908d30d8cedd7d6a25273e06116fb216281d5a54185ace64940	smp	unrecognised	map-component	no	-
English/map/dungeon2.smp	20122	d7fb7cee91e18bab8e110472218417ca49fffa4820dee5150a588595fa90671b	smp	unrecognised	map-component	no	-
English/map/e3map2.map	32780	3376411015d9b558cead2141f3ed39c7fa97d7d0c6dd3a0322cb68e56f42d369	map	unrecognised	map-grid	no	-
English/map/eacave.smp	19142	c703d52da5ab29cda099249ce7813a2152486e11a4bb2d6b5d10411ce05f2920	smp	unrecognised	map-component	no	-
English/map/eacavmule.smp	19730	6f493ebb2e4fc2825132e747d1d7e22a486a63e924bd62da33a89abf9a40e542	smp	unrecognised	map-component	no	-
English/map/eacavmulh.smp	19730	4ad469832dfd64cd4619df1d1fda2975d6accc5a1cecfcda2373de1434650fab	smp	unrecognised	map-component	no	-
English/map/eacavmulm.smp	19730	1fbd79ac0339d40d980e9adc76b647213c3e5d41a2c4280d839ac52c5f027f31	smp	unrecognised	map-component	no	-
English/map/eadung.smp	19387	ccba46a060215f819ab2598930a31cfa9e35730c5b2c014f673607883009f249	smp	unrecognised	map-component	no	-
English/map/eamina.smp	20465	a3957a7b30fc55c09913fc889d15d3d4a1a55ffca0a44e52d6d501a7b72de6e7	smp	unrecognised	map-component	no	-
English/map/eaminc.smp	19681	74430e0acce753f9ed6becd488a06ada8fed56ee02d11d6acccaadce3c4dbd60	smp	unrecognised	map-component	no	-
English/map/eamul2.smp	20024	eb3e320f50f608b8f12ad6fc67f47abfef8c1eed0bb77a0f69529666f8e8d158	smp	unrecognised	map-component	no	-
English/map/eastat.smp	19926	0f6d73a41d7b4984dc6f48f0e0d8c4dd54916a6e1db0bdcb13c9d4c2d5c6f443	smp	unrecognised	map-component	no	-
English/map/eatowe.smp	19926	e7550553443d7046309e7e5e6fb1077418d86d65cb18ddd28fff79abe98dac2a	smp	unrecognised	map-component	no	-
English/map/elvenfort.smp	21249	4e92bb0da619be321cbe4bf5d59d5acfeb8eb5bc5d4afc2ca5a8e18e0f8aa73a	smp	unrecognised	map-component	no	-
English/map/ficave.smp	19240	de2f78ef92e63c59e5272bf1eb0ec028deceff3c1573ed9ea5668ec111f1fbce	smp	unrecognised	map-component	no	-
English/map/ficavmule.smp	20024	dd04278bc5c3d22532fc7deb05d71742a1ffd80d55cabf32eb573f2d94cd6349	smp	unrecognised	map-component	no	-
English/map/ficavmulh.smp	20024	aa168ccc5848c91cdc30c0ca85caf46bdeac0e46fdefffdafe733e6f826698ae	smp	unrecognised	map-component	no	-
English/map/ficavmulm.smp	20024	6be4823ec396866798879a40a7c961ca75eaf76316ef6c582077dc921983dd20	smp	unrecognised	map-component	no	-
English/map/fidung.smp	19632	ed39ef1e3a38a154800b5fb02f7cd39c9656709cc71101403c95179b3562e46b	smp	unrecognised	map-component	no	-
English/map/fienc1.smp	19926	3a0c0837bd15489e8310c0a0556c037b7eb57b639b939721421dbd1265fae03f	smp	unrecognised	map-component	no	-
English/map/fienc2.smp	18848	b6ba3d38eb1e6195edb09493d5971cbc5552199960e833f41cfa4b0d2a10ea27	smp	unrecognised	map-component	no	-
English/map/fienc4.smp	18969	c202a461232983b93854b7a328f2fc797b4456004e983f43f4ae1216cd9a0f15	smp	unrecognised	map-component	no	-
English/map/fienc4a.smp	19632	e369936c227bfb1967ade0739ba1233055f028608cab411c28a1633bb3a4728f	smp	unrecognised	map-component	no	-
English/map/fienc4b.smp	19632	a43c2d0019007d1a10a2bfcb0753fcf451ad5aaa918a97cd1613960da64912bc	smp	unrecognised	map-component	no	-
English/map/fienc4c.smp	20465	261bfb9d9663729f80cfbe395aedc8645ab7b9b5c6ba9933bc01f618043eecb4	smp	unrecognised	map-component	no	-
English/map/fienc5.smp	19044	fe188f23dc980a53f584a1d00254141e5a1e617e5c91a9d3a02543bf76d0d315	smp	unrecognised	map-component	no	-
English/map/fienc6.smp	20024	beb9bb8d5969491e81f6506dbbaf3981a048fa2daba7a4f418740cc476c58d48	smp	unrecognised	map-component	no	-
English/map/fienc8.smp	20563	4061aa8b4cea7a61a85d31df0a88d69dff11185cc7216b133c08a427f84802f7	smp	unrecognised	map-component	no	-
English/map/fimina.smp	19877	ebc55877179805c085fde841727731931d3fa9dc2bfc0c960cccc297576781c9	smp	unrecognised	map-component	no	-
English/map/fiminc.smp	19681	858ab0c26ade39158ab94ce1312b5a26e6e5e8c6dd71357817464cefd12e6be9	smp	unrecognised	map-component	no	-
English/map/fire.lgd	131410	902db6403841105f4cb411ee6adb9ebffd96f5367fc207580f44932941915917	lgd	unrecognised	legend-scenario	no	-
English/map/fistat.smp	19534	73f62dae92eb4e506a2b6d09556b284af34d82030e2481ae21a49e7c8e5f64b0	smp	unrecognised	map-component	no	-
English/map/fitowe.smp	19534	1da860fc7db626225b0960d9ce9867a05b0583ea0e83749478b0297c3c2585d0	smp	unrecognised	map-component	no	-
English/map/gatehouse.smp	19142	5ee754c32a7e6f503d25f6a0f042295251527362bee5b9063e77f2d139ac94ff	smp	unrecognised	map-component	no	-
English/map/gauntlet2.smp	19779	03b0befa03dbdf675d6651a526f6843e0e350b3229fea59e9391a9ad86038b7b	smp	unrecognised	map-component	no	-
English/map/gautlet.smp	19730	3ba1ea2e77511f371fedbd64f7df3d1bbd5aa186cee55847a49d5fccdbe3c764	smp	unrecognised	map-component	no	-
English/map/greathall.smp	20269	76410b8f9b78548e4a3a67d902898cd19670474249b68622624249742ea30096	smp	unrecognised	map-component	no	-
English/map/guindoel1.smp	18799	f4062108133be6e214eacc4922726021c22fdc71abbff4256ebc5e04d736d36b	smp	unrecognised	map-component	no	-
English/map/hamlet.smp	20269	6d09f990e583c774d9d31d5e2061b5e937044d14260c5400b8ac2412d648c17f	smp	unrecognised	map-component	no	-
English/map/hamlet2.smp	21739	8ba35895cde40925e78659ba2953d743eb7216e7b08f9027699be6b622b8184b	smp	unrecognised	map-component	no	-
English/map/hamlet3.smp	20465	8640bc618753309ca890ba375defc0c122e3a04106f9051baa5397045e5d90bc	smp	unrecognised	map-component	no	-
English/map/hamlet3A.smp	20465	9d5dd8e86c29380e836d90891f9ab5e1a8260e904567fcca32471baa985d6281	smp	unrecognised	map-component	no	-
English/map/hermod.smp	19208	5708b8d39583a3a6e3692e07d7a5deb908d5fc205e02a6a8451894eeb23e8629	smp	unrecognised	map-component	no	-
English/map/hermodl1.smp	18848	3622309b01d8ca3d8822cfbfbc85df1b512832d5adff126c165e42626aaa47c1	smp	unrecognised	map-component	no	-
English/map/hermodl2.smp	18799	b38e9fe86df143b5f2a9e3dba959c7023b104f3a85ae557292dc15dd0ee9a350	smp	unrecognised	map-component	no	-
English/map/hienc7.smp	19345	df17612a0c93339915127ae11d338808d1a06f238b75234a67aa96d741582bec	smp	unrecognised	map-component	no	-
English/map/home.smp	19975	ef43b2451148bc4164bacfe9e63c1e5f6e1e6859ffca62e782e38ba7867ca3c4	smp	unrecognised	map-component	no	-
English/map/labyrinth1a.smp	19485	b6e0f26d20c0af99120644b1286451d1bd9cc08c20d07aeed1398748495df084	smp	unrecognised	map-component	no	-
English/map/labyrinth1b.smp	19485	644f85d5359f9932da5370c3b3e765175fbfc1cfdd14e80cb57c5317b692dd3c	smp	unrecognised	map-component	no	-
English/map/labyrinth1c.smp	19485	5bf14a1ccded1b31013756e203c93f732f39920a3ed25cf807da31eb79b7386d	smp	unrecognised	map-component	no	-
English/map/labyrinth2a.smp	19485	86008f336b96d6ce7e6763629f0be67f23edc9d3b6190bdbe0195f5d6c9189e8	smp	unrecognised	map-component	no	-
English/map/labyrinth2b.smp	19485	585efd937d5722587afb102263e54016384db3c208d50e03ed197e8f9e9e7c43	smp	unrecognised	map-component	no	-
English/map/labyrinth2c.smp	19485	ac553f524257cf3c93b2fbbe69d92c291d40844bdbcb1790d5b0ecb28de29d0b	smp	unrecognised	map-component	no	-
English/map/labyrinth3a.smp	19485	d1857e542677b192ccb124249fa823b79ab3e89d14a135e3d2d2305ef3fb42b3	smp	unrecognised	map-component	no	-
English/map/labyrinth3b.smp	19485	706bfbf28305b0adc840608e09bd401e1ba0616980feaa2cb10dc46300553385	smp	unrecognised	map-component	no	-
English/map/labyrinth3c.smp	19485	b5e322b3ff5e178c9b52488e17c659edf8cc9f6c7597d10ccdc1fa89794d8abd	smp	unrecognised	map-component	no	-
English/map/lances.smp	19681	5d0e41abb5628b629afce78ff991c99f17986eb0f39ab6078d93aabd30afd5f0	smp	unrecognised	map-component	no	-
English/map/laroche1.smp	19828	28fdc7ffd96f3c43bdb87a10501dcf71a3f417cdee4935e82658837579b2c9cf	smp	unrecognised	map-component	no	-
English/map/libldg01.smp	19940	ee9d16e12ccb52757bfe3c43d4b8142958a362dc07cb84a460b84cf7b13c595d	smp	unrecognised	map-component	no	-
English/map/licave.smp	19240	3e66bf71cea8c9d92eb02b26133b68b98c4ff59863eb1c415a89f96a1b290dac	smp	unrecognised	map-component	no	-
English/map/licavmule.smp	19632	1fa52592a87aa623d2bd1934f94cd7ab96867d85f4ef1451fe07bdcbaaaa8968	smp	unrecognised	map-component	no	-
English/map/licavmulh.smp	19632	3272d6b86ee8c253da53358ce22e3ad6e54a379e80631fb645e17ee242b3021e	smp	unrecognised	map-component	no	-
English/map/licavmulm.smp	19632	3040b745eda39a6b414979e556fe81bc92a4d5d46732e4a1ea8da0e84b61f57a	smp	unrecognised	map-component	no	-
English/map/licha.smp	19730	d1b76e76aa9e9199ce062a513e5dc224cddbf760343a6db1bb340090ad950065	smp	unrecognised	map-component	no	-
English/map/lichb.smp	19877	47164b8aaaff99bda1a33329835282eb63d5430f086878b017188e86dc77f65c	smp	unrecognised	map-component	no	-
English/map/lichtwr.smp	19730	d5018641745811d2693ebd34ed4586c0f603db0de02470f1f2d07ed93b792e0e	smp	unrecognised	map-component	no	-
English/map/lidung.smp	19387	65524740d790d0fddf6ab69a453942375fb75c39a503d1831f279628f34469d5	smp	unrecognised	map-component	no	-
English/map/limina.smp	20514	3f7fffe73bde5f5f109628a19736d8fecc5737a706773ee476fcce4891593e84	smp	unrecognised	map-component	no	-
English/map/liminc.smp	20122	83e0a2fb7e443b42f2c11184704ebc746061c185a3858f438e81e9dd565890cc	smp	unrecognised	map-component	no	-
English/map/limul2.smp	20122	96d5de1b739f9ae3a42c6163a0f2b3407989d42bfe09ce986d10f7c4e92b52ec	smp	unrecognised	map-component	no	-
English/map/listat.smp	19387	693de06f24a94165820f45f3c5aa8840be50b2c2e533848fc997a9c2fb1f0bc8	smp	unrecognised	map-component	no	-
English/map/litowe.smp	19338	5fb8ad0c6fa9a1323d2cfe91b8b336a0ebf2905b36ed526d3e3183793acd56e8	smp	unrecognised	map-component	no	-
English/map/marsh.smp	19828	d82d2f959fb3b1366dc7e722437d6324904685da2c997f2d5e326dbac07ed819	smp	unrecognised	map-component	no	-
English/map/mercguild.smp	20073	bef5191530653404877bbaa783d1eac1690d255b9645ce811ef3c348708ad9a1	smp	unrecognised	map-component	no	-
English/map/mercguildd.smp	20073	e36affca216b5deacf96737515676930ffdfb99e81d14c4a363c8c3fd469d040	smp	unrecognised	map-component	no	-
English/map/niceinside.smp	19436	b554f74d3a0d86c655647b6f579ee6e6478a6fa519caa277d8434c1d929eb689	smp	unrecognised	map-component	no	-
English/map/orcave.smp	19191	563a7666af7402f94665eee3a3ec9dfc293c1940c34b2875d3d07c6fe2d3d7c6	smp	unrecognised	map-component	no	-
English/map/orcavmule.smp	19387	a6dc6a88aba84891a520bf2e08c8da34249a101248faf515fc5ae9fb1ba55a4e	smp	unrecognised	map-component	no	-
English/map/orcavmulh.smp	19387	98f743c4ded3896840c8a5f66a9232928122cd2a9f24824e25562eac82fd4ce3	smp	unrecognised	map-component	no	-
English/map/orcavmulm.smp	19387	5145aeb028aa690615df663d63216fcad1c75d1d88855f4c868ba8a3984bdd24	smp	unrecognised	map-component	no	-
English/map/orcbarracks.smp	20269	5e4e55683659222b0b2e21e2252c28ae63192308519e7e82c712cd3c8c3441e0	smp	unrecognised	map-component	no	-
English/map/orccity2.smp	19208	2bae552d009e6518a93322c31844cb1880c6ce0ce9a58fa0498244e9c26524bc	smp	unrecognised	map-component	no	-
English/map/orccity3.smp	21788	91e76d341fd10ac895807d3380dc8355418af9bd7770d578cfffdfadeefbf32f	smp	unrecognised	map-component	no	-
English/map/orderscenario.lgd	156821	5e5945331ea1b61315a17cd616e82268be41313defd64c4cf51e927ecdbcd16c	lgd	unrecognised	legend-scenario	no	-
English/map/ordung.smp	19436	e7bda02c722fcbebdc65feaa86364f99e2bbf7cfda10bbf3dd530aa0c082fe83	smp	unrecognised	map-component	no	-
English/map/ormina.smp	20465	f59360c96ff2abebf1f50650daa9060caf2687c42c045bac7c06b995bd2d3ba1	smp	unrecognised	map-component	no	-
English/map/orminc.smp	19877	2e6cda97cede81ae5fd3cf8328d65da7e5fcfd1de9cf268be69021a09ccb256c	smp	unrecognised	map-component	no	-
English/map/orming.smp	20024	449699d00b65a734e6d2d767e2c17e7a4b50969a9bcae0817e34f33df5b509fb	smp	unrecognised	map-component	no	-
English/map/orstat.smp	19485	3b7c5d2487ddae5150b70e6d03725ba799e1015a4bc0a54426529e973f18d094	smp	unrecognised	map-component	no	-
English/map/ortowe.smp	19191	141af6f6351ad59ccb92a96fe9fc08cb6b2b888482c1692cd1ec03d70f92ca98	smp	unrecognised	map-component	no	-
English/map/pathwoods.smp	19730	4dcc5a7c8dcefaa9789f955069a9dac9b64156cf21302f911fcb1cae9f448690	smp	unrecognised	map-component	no	-
English/map/recwiztow.smp	19877	e03706a2ae8d50da0b2075b72872a464f20cdfb4e8ba78027a02c2e9cd8e2d46	smp	unrecognised	map-component	no	-
English/map/redcity1.smp	19828	d7465e76cf6ab65928fc2b599af31fdd01ac76fdf806d2084c90f866f7ae7ef0	smp	unrecognised	map-component	no	-
English/map/ruinedfort.smp	21935	fe58641d3a0cb438b76a51e0fe86cfdb1779dd8e65e176c115dcbea8a8655875	smp	unrecognised	map-component	no	-
English/map/ruinedhall.smp	20759	3c4eb0a692abb27977acccee7160fa4909fbf5e90aa0db2b2df47394acb5e1ce	smp	unrecognised	map-component	no	-
English/map/ruinedhall2.smp	20906	1c1b9d2d4591ad33de722c79b2d48ea3778bf42f5a19b3165ecb077b5ea52132	smp	unrecognised	map-component	no	-
English/map/ruins01.smp	19076	0a5755fd004950f25b62ab84aefbdc079b025366c8761b42a43c35208a02e707	smp	unrecognised	map-component	no	-
English/map/ruins02.smp	19364	9a4e4f919b7dde631d49334eb5648541b907e76a0fa54533503f8fe2e6006709	smp	unrecognised	map-component	no	-
English/map/ship.smp	19387	5d59f930d00077ee785a331113f65cec278e673925390eba2415fadb28457068	smp	unrecognised	map-component	no	-
English/map/spider.smp	19396	3ba1e6f6a5ee52eb008efe9431c3e7069cd3153a2aa58af562731a1c1829f12e	smp	unrecognised	map-component	no	-
English/map/swampcave1.smp	19142	93607bc973ddc8dba4c1ac5adc807c79e0c09a9a96dbb704d700905e76c01220	smp	unrecognised	map-component	no	-
English/map/swampcave2.smp	19142	18a6125c6ad5c4dd06b22251dfd289bd016ddb4bb25f6cbb93e444fb5157efe5	smp	unrecognised	map-component	no	-
English/map/swampcave3.smp	19142	1f4d6f13819eaf33168ca272dfd3f3ecd1eda49f0ef7490d0e2fb1e12324e39b	smp	unrecognised	map-component	no	-
English/map/swampcave4.smp	19142	414145dfb7a65624c554a74403ae367e01ccc3b31bb0715947876d6867572c8f	smp	unrecognised	map-component	no	-
English/map/swordnstn.smp	19387	02da93742eab1ee865ce6597f919a30fdbd10d18a7c28d40ea25782d0194306d	smp	unrecognised	map-component	no	-
English/map/thanh.smp	19172	75a0c1562a196fca833698d4c1321d002b5d3d6476d3f6aa09f218f55a5700ca	smp	unrecognised	map-component	no	-
English/map/vortreal.smp	19632	bbe19497ad89d5793a724169b14782d1818ba3ae7444ba64355005613e9f5d18	smp	unrecognised	map-component	no	-
English/map/wacave.smp	19681	35c12567fcdae6ef7cd287a74dce28e7c062b2b0d103b832600a80135192a665	smp	unrecognised	map-component	no	-
English/map/wacave2.smp	19632	47ce0d6ab3c66d4af63847e5f7e5a565307e5dd73c717f8e557c838c2d99e25a	smp	unrecognised	map-component	no	-
English/map/wacavmule.smp	21200	e573c6ecdeccda640f1480d67dc2580d806a49a6d9c4fbb37c7eee53c3245650	smp	unrecognised	map-component	no	-
English/map/wacavmulh.smp	21102	6e9d622c3da15734bf8f78c40b32fd69b69b7efbc9c57d85051a85447b786217	smp	unrecognised	map-component	no	-
English/map/wacavmulm.smp	21102	7d8652dfef2a5a905da405cfc6dc114711e6482e5af31ee7fd7a82510ec8f12b	smp	unrecognised	map-component	no	-
English/map/wadung.smp	19289	902f0ecc0b169f274bd30a9f3600a86dc24837c18c909e4048e56a763099d384	smp	unrecognised	map-component	no	-
English/map/wamina.smp	20465	b258bd1bac08a139542523506113afbdb9dd40a6e62221eb75f62abbdc54576b	smp	unrecognised	map-component	no	-
English/map/waminc.smp	19730	95618812885364297f30c5d51e11d11a3b48f878195fa0dcd25253699d537c8e	smp	unrecognised	map-component	no	-
English/map/wamul2.smp	19436	d36e8a1a197ccfd4aabb27283b6b3927a1991b5fb067c0668da4038001c88361	smp	unrecognised	map-component	no	-
English/map/wastat.smp	19436	f08d00fc1b28c0fb3928601c3d71e3c9cdca26a2bb7380f0a8ed4ab8224c4bdc	smp	unrecognised	map-component	no	-
English/map/watowe.smp	19583	acb0b2573aed8aa3ca8c3c5cd8138ec406fce78b945b6989a2526005a54ea4aa	smp	unrecognised	map-component	no	-
English/map/web1.smp	21543	8dd118bfd67043719d1e3d6648ac00e33706a0040017a4f264e6c8add368791c	smp	unrecognised	map-component	no	-
English/map/web2.smp	21543	a06329e10a59d6894757e3cc59e2b50758f63ac7ec5fea9e28e3af5ed1f99434	smp	unrecognised	map-component	no	-
English/map/web3.smp	21543	198b7d4ccb1379916a0c00c4c9fe861a6a6881b539fa75feebc4ed7e81d07e8a	smp	unrecognised	map-component	no	-
English/map/wodensford.smp	19289	bb169de26207631e67449d0a1f0f502c3713847026db5f07013a2dcf99e67cf2	smp	unrecognised	map-component	no	-
English/pic/lbm/newgame2.lbm	150294	704afc7cc3713544c75c59039d866a33e046a388f98e674e9e9328195810a416	lbm	iff-pbm	iff-pbm	no	-
English/pic.mpq	73114396	5c784a6aa743701487d6043d346f1ff7e256a3f160388f46acce482aa9078ccf	mpq	mpq-archive	mpq-archive	no	-
English/savegame/Merlin I	runtime-written	runtime-written	-	lom-serialised	unknown	no	-
English/savegame/combat.lom	runtime-written	runtime-written	lom	lom-serialised	unknown	no	-
English/savegame/combat.sav	952287	73a6d9450e6779a11100549de35655a15405a81dbc3e30ef328a0d229d8f597b	sav	lom-serialised	unknown	no	-
English/savegame/endturn.lom	runtime-written	runtime-written	lom	lom-serialised	unknown	no	-
English/savegame/experience.sav	912647	48da5a4e0718be3d7b0d60b30c2b19813e9a1c73561b989baf11d0ce2b85fa08	sav	lom-serialised	unknown	no	-
English/savegame/lastsave.lom	runtime-written	runtime-written	lom	lom-serialised	unknown	no	-
English/savegame/magic.sav	497553	8137cbbec55600ec811d140af4dfc462a8d61526c5c4a08bad4a5055837baae1	sav	lom-serialised	unknown	no	-
English/savegame/merc.sav	495136	d71e0b56bc1f9454c025ae9708fd4ce4174bf1393cd897877b64d8ffbe53379c	sav	lom-serialised	unknown	no	-
English/savegame/quickstart	486427	8b8328a3634a8a1ea0c701c74ede78db8a5b00daeae902ea0b65e4969b7a797d	-	lom-serialised	unknown	no	-
English/savegame/temple.lom	runtime-written	runtime-written	lom	lom-serialised	unknown	no	-
English/savegame/temple.sav	553954	3872a558b47553a3eb0cdd67ffc30a62b5de638ecbad3a0b443a256ceebaec77	sav	lom-serialised	unknown	no	-
English/settings.cfg	runtime-written	runtime-written	cfg	ascii-text	text	no	-
English/smackw32.dll	71680	bb909b8c25320ba9b443b9ac42eccfb36c7f1b7671b3e3e18799bef6abdf8526	dll	ms-dos-executable	portable-executable	no	-
English/smk/Balkoth/BalkothDeath.smk	13366836	ea0d35e7b1363dab3f62639627ed89d41dc3aac00aa50f03b8fe8eee4777018e	smk	smacker-video	smacker-video	no	-
English/smk/Balkoth/Balkothwin.smk	10648208	6c4b2fba9fa8b2c235235a5cda05aa164494174d89d1e3f14d2aba8fcf92e25c	smk	smacker-video	smacker-video	no	-
English/smk/Credits.smk	5863688	90d1deb2078e5ea3f21f9e6dc41a62b96ac908dcaf15e76d8f89aee494a56a97	smk	smacker-video	smacker-video	no	-
English/smk/IMPTITLE.SMK	8342292	dd475937d32d78b5f6e244b36a229ecbcdd8630225aae9fe5802e4ffd0c31c97	smk	smacker-video	smacker-video	no	-
English/smk/Intro.smk	24146908	637e3db03563c6258e6649e065585f2b3e4a0a28b6a3aa41cad93e99ab7b733b	smk	smacker-video	smacker-video	no	-
English/smk/PlayerLose/AirDie.smk	4143180	c4204e0d95ffdcac5a4be7fcfe909578a306511dd8620a2c786ca00ed096e747	smk	smacker-video	smacker-video	no	-
English/smk/PlayerLose/ChaosDie.smk	4256460	6bc3c379fd33a123c20d90f3e2d8d26fd88f7a1e478460c22831c806ccb81627	smk	smacker-video	smacker-video	no	-
English/smk/PlayerLose/EarthDie.smk	4211628	ca0355e64838e506df875127e46a4f2e2ada6d19bbaabd7ee0bdda2ce670ace8	smk	smacker-video	smacker-video	no	-
English/smk/PlayerLose/FireDie.smk	4299968	0d5235aea530906bc2bf82ec58dfde3e085c847a870ec48fccc9ebb42ea34459	smk	smacker-video	smacker-video	no	-
English/smk/PlayerLose/LifeDie.smk	3931004	a3e711675803fdf7ca193759e64fb0b7b43c9c8c9d0ec76411723d537be9d22b	smk	smacker-video	smacker-video	no	-
English/smk/PlayerLose/OrderDie.smk	4349416	03394432a36a67c0239998a2054c1149ee2a9d91437e168baea069fcc4d0b132	smk	smacker-video	smacker-video	no	-
English/smk/PlayerLose/WaterDie.smk	4353096	7eb98c5da635018c8dbe48c4c907ffab0ef8950c409da1a29a981d6eed87eaea	smk	smacker-video	smacker-video	no	-
English/smk/legend/Win_Lose/LoseDeath.smk	6308916	5604fd3e83e091f3eb2dda380a954a5c7e550afdfcb3507485cfc3ac77654773	smk	smacker-video	smacker-video	no	-
English/smk/legend/Win_Lose/LoseEarth.smk	5924852	346bccfbb305ba37bf7b238429317ae21055949f5e0eaa7de223eae992f11541	smk	smacker-video	smacker-video	no	-
English/smk/legend/Win_Lose/LoseFire.smk	3677204	266d210a04c342e33c7f0be7f84fec0e2f8bcf0bdb0904b17d6cd074e76ed036	smk	smacker-video	smacker-video	no	-
English/smk/legend/Win_Lose/LoseHid.smk	4856784	a265de9bd579c352cd09b1ab10ecb438a2a19dbcd573f2dad193f8795c148807	smk	smacker-video	smacker-video	no	-
English/smk/legend/Win_Lose/LoseOrder.smk	5419392	975bc6d428e43964c43e09352676be6d5b0889543238363968d77ec2b5711d5e	smk	smacker-video	smacker-video	no	-
English/smk/legend/Win_Lose/WinDeath.smk	7639688	d40add1bb32b4504c8a8232559dc38bca535088dacf584cda9f4446c18e879e3	smk	smacker-video	smacker-video	no	-
English/smk/legend/Win_Lose/WinEarth.smk	8010432	640e2ae40c72c75a3c5d114ce13667a120ad0dbf10ce42c2809e997ca6231e91	smk	smacker-video	smacker-video	no	-
English/smk/legend/Win_Lose/WinFire.smk	10401728	47e13e04570ce68d0e6db99e5d85010a651dd89b369f49d894ab5bce1c9d369a	smk	smacker-video	smacker-video	no	-
English/smk/legend/Win_Lose/WinHid.smk	4939656	6fe01f78ec91418ce22af73213371c77931aa4846be420eb7851ab1f8fb1506d	smk	smacker-video	smacker-video	no	-
English/smk/legend/Win_Lose/WinOrder.smk	7096828	03c00c94d9eef552875c86ef7ec3160316ada04408848fbd497f99908a0abd37	smk	smacker-video	smacker-video	no	-
English/smk/legend/legends.smk	16587536	cfe67a9c7681ac029aee2c8aba599632add62d4e41101756cf7b2c3f306cc325	smk	smacker-video	smacker-video	no	-
English/sndfx.mpq	85941418	42d90f914c13217d044a2596ce7e1bbd8929748b9f887ffe710e8f7abd6fd041	mpq	mpq-archive	mpq-archive	no	-
English/special.mpq	54208726	015db70eda5478525f49a4b111a4b72fa8152ff58519f070970f0aa7c4dcbc12	mpq	mpq-archive	mpq-archive	no	-
English/storm.dll	202752	44b824964d6994ebeaed46daf3ac4c1d7e48b4b8100102ed234098ed76822f99	dll	ms-dos-executable	portable-executable	no	-
English/thief.log	runtime-written	runtime-written	log	ascii-text	text	no	-
installscript.vdf	937	cd31dc359df13c92e2207406fc5820888808de37315b5187652c6e3bc296f2f3	vdf	ascii-text	text	no	-
