lineage	patch302
lineage-evidence	LineageEvidence { defines_string_helpers: true, minimum_comparison: "gt" }
member	gs\standard.gs
source-bytes	8933
tokens	1335
comments	26
procedure-anomalies	0
module-load	complete
module-steps	339
module-defined-names	36
module-defined-name	addrect
module-defined-name	between
module-defined-name	carriage_return
module-defined-name	char_cvs
module-defined-name	clearstack
module-defined-name	closeifopen
module-defined-name	dump_flags
module-defined-name	dumpstack
module-defined-name	eval
module-defined-name	exec_if_known
module-defined-name	exitapplication
module-defined-name	free_stack_elements
module-defined-name	get_if_known
module-defined-name	geteasyunitdata
module-defined-name	getflagvalue
module-defined-name	index
module-defined-name	interpolate
module-defined-name	makeregion
module-defined-name	max
module-defined-name	min
module-defined-name	onstack?
module-defined-name	polar
module-defined-name	popoffstack
module-defined-name	pushonstack
module-defined-name	quote
module-defined-name	radians
module-defined-name	retrievefromstack
module-defined-name	setflagvalue
module-defined-name	space
module-defined-name	stack
module-defined-name	stackdump
module-defined-name	string_cvi
module-defined-name	tab
module-defined-name	temp_for_cvs
module-defined-name	utilitystring
module-defined-name	writestring
exercise	min	ok	leaves [3 3]
exercise-note	min	clamp helper, both operand orders
exercise	max	ok	leaves [7 7]
exercise-note	max	clamp helper, both operand orders
exercise	between	ok	leaves [true false true]
exercise-note	between	value low high; inclusive at the ends
exercise	script-defined index shadows the primitive	ok	leaves [10 20 30 20]
exercise-note	script-defined index shadows the primitive	standard.gs redefines /index using roll; it must agree with the primitive
exercise	getflagvalue	ok	leaves [true false true]
exercise-note	getflagvalue	bit test; its `and` yields an integer that `ifelse` consumes as a condition
exercise	setflagvalue	ok	leaves [5 4]
exercise-note	setflagvalue	set and clear bit zero
exercise	dump_flags is a no-op on its operand	ok	leaves [5 4]
exercise-note	dump_flags is a no-op on its operand	after the first iteration it tests the loop counter, not the flags, then drops it
exercise	radians	ok	leaves [3.141596]
exercise-note	radians	the module's own degree-to-radian conversion, applied before every sin/cos
exercise	polar	ok	leaves [10 0]
exercise-note	polar	x y distance angle; zero degrees is +x
exercise	stack: push, pop, LIFO order	ok	leaves [9 7]
exercise-note	stack: push, pop, LIFO order	the module's array-backed stack; every entry point consumes the array reference
exercise	stack: layout after two pushes	ok	leaves [[2 7 9 0 0]]
exercise-note	stack: layout after two pushes	count in slot zero, values from slot one
exercise	onstack?	ok	leaves [true false]
exercise-note	onstack?	linear search with an early exit
exercise	popoffstack underflows to /null	ok	leaves [/null]
exercise-note	popoffstack underflows to /null	an empty stack answers with a name, not an error
exercise	retrievefromstack	ok	leaves [7]
exercise-note	retrievefromstack	extract by index and close the gap
exercise	dumpstack drains onto the operand stack	ok	leaves [7]
exercise-note	dumpstack drains onto the operand stack	it pops until /null and leaves every popped value behind
exercise	get_if_known	ok	leaves [1 99]
exercise-note	get_if_known	operands are dictionary, key, default -- the reverse of the header comment
exercise	exec_if_known	ok	leaves [42]
exercise-note	exec_if_known	runs the value when the key is present and leaves nothing when it is not
exercise	interpolate, between two keys	ok	leaves [50]
exercise-note	interpolate, between two keys	numeric dictionary keys walked with forall, then linear interpolation
exercise	interpolate, exact key	ok	leaves [100]
exercise-note	interpolate, exact key	an exact hit returns the stored value without interpolating
exercise	string_cvi	ok	leaves [1234 -42]
exercise-note	string_cvi	digit-by-digit conversion over the string's character codes
exercise	char_cvs reads the procedure's attached array	ok	leaves ["A" "a"]
exercise-note	char_cvs reads the procedure's attached array	/char_array is attached with `replace` and read as a literal name
exercise	stackdump is empty	ok	leaves []
exercise-note	stackdump is empty	the shipped body is `{}`
exercise	makeregion needs the terrain host	ok	stops on rand
exercise-note	makeregion needs the terrain host	map painting; the first engine call is the random source
exercise	writestring needs file output	ok	stops on write
exercise-note	writestring needs file output	byte output to an engine file handle
exercise	eval needs the temporary-file host	ok	stops on gettemppath
exercise-note	eval needs the temporary-file host	the module writes a scratch file and `run`s it
exercise	free_stack_elements needs the allocator	ok	stops on free
exercise-note	free_stack_elements needs the allocator	releases engine-owned handles held in a stack
exercise	closeifopen needs the dialog host	ok	stops on dialogisopen?
exercise-note	closeifopen needs the dialog host	user interface state
exercise	exitapplication needs the dialog host	ok	stops on sysdlg
exercise-note	exitapplication needs the dialog host	user interface state
exercise	geteasyunitdata needs the unit tables	ok	stops on unitdictxref
exercise-note	geteasyunitdata needs the unit tables	game data the engine owns
exercise	addrect needs the dialog host	ok	stops on additem
exercise-note	addrect needs the dialog host	dialog layout
exercise	retrievefromstack's error path needs the reporter	ok	stops on build_statement
exercise-note	retrievefromstack's error path needs the reporter	the out-of-range branch formats a message with an engine helper
exercises	31
exercise-failures	0
distinct-unknown-native-names	9
unknown-native	additem	1	operator	0x00490be0	addrect
unknown-native	build_statement	1	unresolved		retrievefromstack
unknown-native	dialogisopen?	1	operator	0x00505830	closeifopen
unknown-native	free	1	operator	0x004dc600	free_stack_elements
unknown-native	gettemppath	1	operator	0x005053f0	eval
unknown-native	rand	1	operator	0x004c9f20	makeregion
unknown-native	sysdlg	1	unresolved		exitapplication
unknown-native	unitdictxref	1	unresolved		geteasyunitdata
unknown-native	write	1	operator	0x004cc120	writestring
static-engine-debt	20
static-engine-debt-name	additem	operator
static-engine-debt-name	build_statement	unresolved
static-engine-debt-name	closedialog	operator
static-engine-debt-name	closefile	operator
static-engine-debt-name	dialogisopen?	operator
static-engine-debt-name	erroroutput	operator
static-engine-debt-name	file	operator
static-engine-debt-name	free	operator
static-engine-debt-name	gettemppath	operator
static-engine-debt-name	getunittypedata	operator
static-engine-debt-name	kill	operator
static-engine-debt-name	opendialog	operator
static-engine-debt-name	outfilename	unresolved
static-engine-debt-name	paintelevation	operator
static-engine-debt-name	rand	operator
static-engine-debt-name	strcat	operator
static-engine-debt-name	strcpy	operator
static-engine-debt-name	sysdlg	unresolved
static-engine-debt-name	unitdictxref	unresolved
static-engine-debt-name	write	operator
line-endings-members	1681
line-endings-containing-crlf	302
line-endings-containing-bare-cr	0
line-endings-containing-bare-lf	0
line-endings-bare-cr-only	0
line-endings-without-any	1379
survey-members	1681
survey-members-loaded	635
survey-members-stopped-on-a-name	920
survey-members-failed-otherwise	126
survey-members-unreadable	0
survey-preloaded-members	0
survey-declared-opaque-constants	787
survey-distinct-blocking-names	195
survey-first-blocker-class	defined-in-a-member-that-does-not-run-either	330
survey-first-blocker-class	defined-in-a-member-that-runs	405
survey-first-blocker-class	engine-operator	139
survey-first-blocker-class	unresolved	46
survey-blocker	textdict	193	defined-in-a-member-that-runs
survey-blocker	begin_unit_definition	145	defined-in-a-member-that-does-not-run-either
survey-blocker	spelldict	82	defined-in-a-member-that-does-not-run-either
survey-blocker	userdict	64	defined-in-a-member-that-does-not-run-either
survey-blocker	dialog	52	engine-operator
survey-blocker	addmounttype	28	engine-operator
survey-blocker	terrainsprites	20	defined-in-a-member-that-runs
survey-blocker	stack	17	defined-in-a-member-that-runs
survey-blocker	spell_page	15	unresolved
survey-blocker	T_Crystal_Mine	10	defined-in-a-member-that-runs
survey-blocker	panel_dict	9	defined-in-a-member-that-does-not-run-either
survey-blocker	T_Gold_Mine	8	defined-in-a-member-that-runs
survey-blocker	T_Statue	8	defined-in-a-member-that-runs
survey-blocker	buildingdict	8	defined-in-a-member-that-runs
survey-blocker	T_Brewery	7	defined-in-a-member-that-runs
survey-blocker	T_Mysterious_Keep	7	defined-in-a-member-that-runs
survey-blocker	T_Tower	7	defined-in-a-member-that-runs
survey-blocker	gassault_play	6	defined-in-a-member-that-runs
survey-blocker	lbm	6	engine-operator
survey-blocker	cv_page	5	defined-in-a-member-that-does-not-run-either
survey-blocker	T_Cave2	4	defined-in-a-member-that-runs
survey-blocker	addspelldef	4	engine-operator
survey-blocker	unittypedict	4	defined-in-a-member-that-does-not-run-either
survey-blocker	yellow_numbers	4	unresolved
survey-blocker	T_Cave	3	defined-in-a-member-that-runs
survey-blocker	T_Multi_hermit	3	defined-in-a-member-that-runs
survey-blocker	T_scenario_earth_orc_caves_name	3	defined-in-a-member-that-runs
survey-blocker	citybeginturnproc	3	engine-operator
survey-blocker	fireball_type	3	unresolved
survey-blocker	thief_dlg_dict	3	defined-in-a-member-that-does-not-run-either
survey-other-failure	dictionary literal expected name or number key, found engine-constant	84
survey-other-failure	or expects two numbers or two booleans, found engine-constant and engine-constant	27
survey-other-failure	unclosed procedure delimiter {	5
survey-other-failure	or expects two numbers or two booleans, found number and engine-constant	3
survey-other-failure	forall expected array, string or dictionary, found procedure	2
survey-other-failure	add needs the value of the engine constant MAX_UNITS_IN_ARMY, which this run did not declare	1
survey-other-failure	array length needs the value of the engine constant MAX_PLAYERS, which this run did not declare	1
survey-other-failure	array length needs the value of the engine constant MAX_UNITS_PER_ARMY, which this run did not declare	1
survey-other-failure	procedure has no metadata slot 0	1
survey-other-failure	put does not support procedure with procedure index	1
reach-distinct-names	406
reach-names-by-resolution	definition	63
reach-names-by-resolution	opaque-constant	129
reach-names-by-resolution	primitive	24
reach-names-by-resolution	unresolved	195
reach-operators-in-table	1906
reach-operators-never-named-by-any-script	426
reach-operators-named-by-a-script	1480
reach-operators-reached-by-execution	63
reach-operators-implemented	20
reach-operators-stubbed	0
reach-operators-shadowed-by-a-script	0
reach-operators-blocked	43
