base	base_kind	offset	widths	access	indexed	depth	readers	writers	writer_names
0x005ae958	static	0x4	4	read	scalar	1	9	0	-
0x005ae958	static	0x8	4	read-write	scalar	1	6	1	newmap
0x005ae958	static	0xc	4	read	scalar	1	2	0	-
0x005ae958	static	0x14	4	read	scalar	1	14	0	-
0x005ae958	static	0x18	4	read-write	scalar	1	3	3	newmap,releasemap,resetnetworking
0x005ae958	static	0x1c	0	read	scalar	1	27	0	-
0x005ae958	static	0x20	4	read	scalar	1	6	0	-
0x005ae958	static	0x24	4	read-write	scalar	2	17	3	newmap,releasemap,resetnetworking
0x005ae958	static	0x28	4	read-write	scalar	2	9	3	newmap,releasemap,resetnetworking
0x005ae958	static	0x2c	4	read-write	scalar	2	8	3	newmap,releasemap,resetnetworking
0x005ae958	static	0x30	4	read-write	scalar	2	6	7	releasemap,resetnetworking,rotatemap,rotatex,rotatey,rotatez,scale
0x005ae958	static	0x34	4	read-write	scalar	1	39	6	addfollower,createghost,getunittypeeffectivedata,getunittypeeffectivedata_level,getunittypeeffectivedata_levelrange,newmap
0x005ae958	static	0x38	4	read-write	scalar	2	2	3	newmap,releasemap,resetnetworking
0x005ae958	static	0x3c	4	write	scalar	2	0	1	newmap
0x005ae958	static	0x40	4	read-write	scalar	1	41	1	newmap
0x005ae958	static	0x44	4	read-write	scalar	1	2	1	paintelevation
0x005ae958	static	0x48	2|4	read	scalar	1	9	0	-
0x005ae958	static	0x4c	4	read	scalar	1	8	0	-
0x005ae958	static	0x50	4	read	scalar	2	8	0	-
0x005ae958	static	0x54	4	read-write	scalar	1	26	3	newmap,releasemap,resetnetworking
0x005ae958	static	0x58	4	read-write	scalar	1	9	3	newmap,releasemap,resetnetworking
0x005ae958	static	0x5c	0|4	read-write	scalar	1	26	3	newmap,releasemap,resetnetworking
0x005ae958	static	0x60	0|4	read-write	scalar	1	25	3	newmap,releasemap,resetnetworking
0x005ae958	static	0x64	4	read-write	scalar	0	58	3	newmap,releasemap,resetnetworking
0x005ae958	static	0x68	4	read-write	scalar	0	32	3	newmap,releasemap,resetnetworking
0x005ae958	static	0x6c	4	read-write	scalar	1	61	3	newmap,releasemap,resetnetworking
0x005ae958	static	0x70	4	read-write	scalar	1	49	3	newmap,releasemap,resetnetworking
0x005ae958	static	0x74	4	write	scalar	1	0	1	newmap
0x005ae958	static	0x78	4	write	scalar	1	0	1	newmap
0x005ae958	static	0x7c	4	write	scalar	1	0	1	newmap
0x005ae958	static	0x80	4	write	scalar	1	0	1	newmap
0x005ae958	static	0x84	4	write	scalar	1	0	1	newmap
0x005ae958	static	0x88	4	write	scalar	1	0	1	newmap
0x005ae958	static	0x8c	4	write	scalar	1	0	1	newmap
0x005ae958	static	0x90	4	write	scalar	1	0	1	newmap
0x005ae958	static	0x94	4	write	scalar	1	0	1	newmap
0x005ae958	static	0x98	4	write	scalar	1	0	1	newmap
0x005ae958	static	0x9c	4	write	scalar	1	0	1	newmap
0x005ae958	static	0xa0	4	write	scalar	1	0	1	newmap
0x005ae958	static	0xa4	4	write	scalar	1	0	1	newmap
0x005ae958	static	0xc8	4	write	scalar	2	0	1	newmap
0x005ae958	static	0xd4	4	write	scalar	2	0	1	newmap
0x005ae958	static	0xd8	0|4	read	scalar	1	10	0	-
0x005ae958	static	0xe4	4	read	scalar	2	1	0	-
0x005ae958	static	0xec	4	read	scalar	2	3	0	-
0x005ae958	static	0xf0	4	read	scalar	2	4	0	-
0x005ae958	static	0xf4	4	read	scalar	2	1	0	-
0x005ae958	static	0xf8	4	read	scalar	2	3	0	-
0x005ae958	static	0x104	4	read	scalar	2	4	0	-
0x005ae958	static	0x108	0|4	read-write	scalar	2	1	1	setterrain
0x005ae958	static	0x10c	4	read	scalar	2	1	0	-
0x005ae958	static	0x110	4	read	scalar	2	1	0	-
0x005ae958	static	0x114	4	read	scalar	2	1	0	-
0x005ae958	static	0x118	0|1	read-write	scalar	2	1	1	changecombatmap
0x005ae958	static	0x21c	0|4	read-write	scalar	2	1	1	changecombatmap
0x005ae958	static	0x220	0|4	read-write	scalar	2	1	1	changecombatmap
0x005ae958	static	0x224	0|4	read-write	scalar	2	1	1	changecombatmap
0x005ae958	static	0x228	0|4	read-write	scalar	2	1	1	changecombatmap
0x005ae958	static	0x234	0|4	read	scalar	1	1	0	-
0x005ae958	static	0x23c	4	read	scalar	2	1	0	-
0x005ae958	static	0x240	4	read	scalar	2	1	0	-
0x005ae958	static	0x244	4	write	scalar	2	0	1	loadsubmappages
0x005ae958	static	0x250	4	read-write	scalar	2	1	1	loadsubmappages
0x005ae958	static	0x254	0|4	read	scalar	1	1	0	-
0x005ae958	static	0x25c	4	read	scalar	2	1	0	-
0x005ae958	static	0x260	4	read	scalar	2	1	0	-
0x005ae958	static	0x264	4	write	scalar	2	0	1	loadsubmappages
0x005ae958	static	0x270	4	read-write	scalar	2	1	1	loadsubmappages
0x005ae958	static	0x2e0	4	read-write	scalar	1	2	2	rotatemap,rotatez
0x005ae958	static	0x2e4	4	write	scalar	1	0	2	rotatemap,rotatez
0x005a7b50	static	0x0	4	read-write	scalar	1	108	1	maxgraphics
0x005a7b50	static	0x4	4	read-write	scalar	1	108	1	maxgraphics
0x005aa12c	static	0x0	0|4	read-write	indexed	1	3	2	cityviewtoworld,loadgame
0x005aa12c	static	0x8	0	read	scalar	0	5	0	-
0x005aa12c	static	0x18	0	read	scalar	0	1	0	-
0x005aa12c	static	0x1c	0	read	scalar	0	1	0	-
0x005aa12c	static	0x20	0	read	scalar	0	1	0	-
0x005aa12c	static	0x24	0	read	scalar	0	1	0	-
0x005aa12c	static	0x28	0|4	read-write	scalar	0	5	1	loadconfig
0x005aa12c	static	0x8c	4	read-write	scalar	1	1	3	cityviewtoworld,loadgame,savegame
0x005aa12c	static	0xa4	4	read-write	scalar	1	1	2	cityviewtoworld,loadgame
0x005aa12c	static	0xa8	4	read	scalar	1	1	0	-
0x005aa12c	static	0xac	4	read	scalar	1	1	0	-
0x005aa12c	static	0xb4	4	read	scalar	0	1	0	-
0x005aa12c	static	0xb8	4	read	scalar	0	2	0	-
0x005aa12c	static	0xbc	4	read-write	scalar	0	1	1	faithselect
0x005aa12c	static	0xc0	4	read-write	scalar	0	1	1	faithselect
0x005aa12c	static	0xc8	0|4	read	scalar	0	5	0	-
0x005aa12c	static	0xcc	4	read	scalar	0	5	0	-
0x005aa12c	static	0x128	0|4	read	scalar	0	1	0	-
0x005aa12c	static	0x12c	0|4	read-write	scalar	0	1	1	loadconfig
0x005aa12c	static	0x130	4	read-write	scalar	1	1	1	createingamemessage
0x005aa12c	static	0x134	4	read-write	scalar	1	1	1	createingamemessage
0x005aa12c	static	0x138	0	read	scalar	1	1	0	-
0x005aa12c	static	0x19c	4	write	scalar	1	0	1	createingamemessage
0x005aa12c	static	0x4c0	0|4	read-write	scalar	1	1	1	createingamemessage
0x005aa12c	static	0x4c4	4	read-write	scalar	1	1	1	createingamemessage
0x005aa12c	static	0x4c8	4	read-write	scalar	1	1	1	createingamemessage
0x005aa12c	static	0x4cc	4	read-write	scalar	2	1	1	createingamemessage
0x005aa12c	static	0x4d4	1|4	read-write	scalar	2	1	1	createingamemessage
0x005aa12c	static	0x518	4	read	scalar	1	1	0	-
0x005aa12c	static	0x520	0	read	scalar	1	4	0	-
0x005aa12c	static	0x54d	1	read-write	scalar	0	1	1	savegame
0x005aa12c	static	0x54e	1	read	scalar	1	1	0	-
0x005aa12c	static	0x54f	1	read	scalar	1	1	0	-
0x005aa12c	static	0x5e4	4	write	scalar	1	0	1	createingamemessage
0x005aa12c	static	0x5e8	0|4	read-write	scalar	0	2	1	faithselect
0x005aa12c	static	0x5ec	4	write	scalar	2	0	1	faithselect
0x005aa12c	static	0x5f0	4	read-write	scalar	1	1	1	faithselect
0x005aa12c	static	0x5f4	4	read-write	scalar	1	1	1	faithselect
0x005aa12c	static	0x5f8	4	write	scalar	1	0	1	faithselect
0x005aa12c	static	0x5fc	1|4	read-write	scalar	2	1	1	faithselect
0x005aa12c	static	0x600	4	read	scalar	2	1	0	-
0x005aa12c	static	0x604	4	read-write	scalar	1	1	1	faithselect
0x005aa12c	static	0x608	0|4	read-write	scalar	0	1	1	faithselect
0x005aa12c	static	0x60c	4	read-write	scalar	0	1	1	faithselect
0x005aa12c	static	0x610	4	read-write	scalar	0	1	1	faithselect
0x005aa12c	static	0x614	4	read-write	scalar	1	1	1	faithselect
0x005aa12c	static	0x618	4	write	scalar	1	0	1	faithselect
0x005aa12c	static	0x61c	1|4	read-write	scalar	2	1	1	faithselect
0x005aa12c	static	0x620	4	read	scalar	2	1	0	-
0x005aa12c	static	0x624	4	read-write	scalar	1	1	1	faithselect
0x005aa12c	static	0x628	4	write	scalar	0	0	1	faithselect
0x005aa12c	static	0x62c	4	write	scalar	0	0	1	faithselect
0x005aa12c	static	0x654	4	read-write	scalar	1	6	6	cityviewtoworld,faithselect,faithselectcleanup,formationview,regionview,worldview
0x005aa12c	static	0x658	4	read-write	scalar	1	4	2	cityviewtoworld,newgame
0x005aa12c	static	0x65c	4	read-write	scalar	1	2	1	cityviewtoworld
0x005aa12c	static	0x660	0|4	read	scalar	0	2	0	-
0x005aa12c	static	0x688	4	read-write	scalar	1	1	1	newgame
0x005aa12c	static	0x68c	4	read-write	scalar	1	1	2	locationview,resetcombat
0x005aa12c	static	0x6a4	4	write	scalar	1	0	1	locationview
0x005aa12c	static	0x6a8	1|4	read-write	scalar	0	14	1	locationview
0x005aa12c	static	0x6ac	4	read-write	scalar	0	6	2	locationview,resetcombat
0x005aa12c	static	0x6b0	4	write	scalar	1	0	1	locationview
0x005aa12c	static	0x6b4	4	write	scalar	1	0	1	locationview
0x005aa12c	static	0x6b8	4	write	scalar	1	0	1	locationview
0x005aa12c	static	0x6bc	4	write	scalar	1	0	1	locationview
0x005aa12c	static	0x6c0	4	write	scalar	1	0	1	locationview
0x005aa12c	static	0x6c4	4	write	scalar	1	0	1	locationview
0x005aa12c	static	0x6c8	0	read	scalar	1	1	0	-
0x005aa12c	static	0x720	4	write	scalar	1	0	1	locationview
0x005aa12c	static	0x724	0	read	indexed	0	2	0	-
0x005aa12c	static	0x740	0|4	read-write	scalar	1	1	1	resetcombat
0x005aa12c	static	0x744	0|4	read	scalar	0	1	0	-
0x005aa12c	static	0xb98	4	write	scalar	1	0	2	locationview,resetcombat
0x005aa12c	static	0xb9c	4	write	scalar	1	0	1	locationview
0x005aa12c	static	0xba0	4	write	scalar	1	0	1	locationview
0x005aa12c	static	0xba4	4	write	scalar	1	0	1	locationview
0x005aa12c	static	0xba8	4	write	scalar	1	0	1	locationview
0x005aa12c	static	0xbac	4	write	scalar	1	0	1	locationview
0x005aa12c	static	0xbb0	4	write	scalar	1	0	2	locationview,resetcombat
0x005aa12c	static	0xbb4	4	write	scalar	1	0	1	locationview
0x005aa12c	static	0xbb8	4	write	scalar	1	0	1	locationview
0x005aa12c	static	0xbbc	0|4	read-write	scalar	1	2	2	locationview,resetcombat
0x005aa12c	static	0xbc0	4	read-write	scalar	1	1	2	locationview,resetcombat
0x005aa12c	static	0xbc4	4	read-write	scalar	1	1	2	locationview,resetcombat
0x005aa12c	static	0xbc8	0	read	scalar	1	2	0	-
0x005aa12c	static	0xbd8	4	read-write	scalar	1	1	1	resetcombat
0x005aa12c	static	0xbdc	4	read-write	scalar	1	1	1	resetcombat
0x005aa12c	static	0xbe0	4	read-write	scalar	1	1	1	resetcombat
0x005aa12c	static	0xbe4	4	read-write	scalar	1	1	1	resetcombat
0x005aa12c	static	0xbec	4	read-write	scalar	1	1	2	locationview,resetcombat
0x005aa12c	static	0xbf0	4	write	scalar	1	0	1	locationview
0x005aa12c	static	0xbf4	4	write	scalar	1	0	1	locationview
0x005aa12c	static	0xbf8	4	read-write	scalar	1	1	2	locationview,resetcombat
0x005aa12c	static	0xbfc	4	write	scalar	1	0	1	locationview
0x005aa12c	static	0xc00	4	write	scalar	1	0	1	locationview
0x005aa12c	static	0xc04	4	write	scalar	1	0	1	locationview
0x005aa12c	static	0xc08	4	write	scalar	1	0	1	locationview
0x005aa12c	static	0xc0c	1	write	scalar	1	0	1	locationview
0x005aa12c	static	0xc10	4	write	scalar	1	0	1	locationview
0x005aa12c	static	0xc14	4	write	scalar	1	0	1	locationview
0x005aa12c	static	0xc18	4	write	scalar	1	0	1	locationview
0x005aa12c	static	0xc1c	4	write	scalar	1	0	1	locationview
0x005aa12c	static	0xc20	4	write	scalar	1	0	1	locationview
0x005aa12c	static	0xc24	4	write	scalar	1	0	1	locationview
0x005aa12c	static	0xc28	1	write	scalar	1	0	1	locationview
0x005aa12c	static	0xc2c	4	write	scalar	1	0	1	locationview
0x005aa12c	static	0xc30	1	write	scalar	1	0	1	locationview
0x005aa12c	static	0xc34	4	write	scalar	1	0	1	locationview
0x005aa12c	static	0xc38	1	write	scalar	1	0	1	locationview
0x005aa12c	static	0xc3c	0	read	scalar	0	1	0	-
0x005aa12c	static	0xc64	4	write	scalar	1	0	1	newgame
0x005aa12c	static	0xc68	4	read-write	scalar	1	1	1	resetcombat
0x005aa12c	static	0xc84	1|4	read	scalar	0	13	0	-
0x005aa12c	static	0xc88	4	read-write	scalar	0	6	1	resetcombat
0x005aa12c	static	0xd00	0	read	indexed	0	1	0	-
0x005aa12c	static	0xd1c	0|4	read-write	scalar	1	1	1	resetcombat
0x005aa12c	static	0xd20	0|4	read	scalar	0	1	0	-
0x005aa12c	static	0x1174	4	write	scalar	1	0	1	resetcombat
0x005aa12c	static	0x118c	4	write	scalar	1	0	1	resetcombat
0x005aa12c	static	0x1198	0|4	read-write	scalar	1	1	1	resetcombat
0x005aa12c	static	0x119c	4	read-write	scalar	1	1	1	resetcombat
0x005aa12c	static	0x11a0	4	read-write	scalar	1	1	1	resetcombat
0x005aa12c	static	0x11a4	0	read	scalar	1	1	0	-
0x005aa12c	static	0x11b4	4	read-write	scalar	1	1	1	resetcombat
0x005aa12c	static	0x11b8	4	read-write	scalar	1	1	1	resetcombat
0x005aa12c	static	0x11bc	4	read-write	scalar	1	1	1	resetcombat
0x005aa12c	static	0x11c0	4	read-write	scalar	1	1	1	resetcombat
0x005aa12c	static	0x11c8	4	read-write	scalar	1	1	1	resetcombat
0x005aa12c	static	0x11d4	4	read-write	scalar	1	1	1	resetcombat
0x005aa12c	static	0x3b24	0	read	scalar	1	1	0	-
0x005aa12c	static	0x475c	1|4	read	scalar	2	1	0	-
0x005aa12c	static	0x4760	4	read	scalar	2	1	0	-
0x005aa12c	static	0x4764	4	read-write	scalar	0	1	1	resetcombat
0x005aa12c	static	0x4768	4	read-write	scalar	0	1	1	resetcombat
0x005aa12c	static	0x476c	4	read-write	scalar	0	1	1	resetcombat
0x005aa12c	static	0x4770	4	read-write	scalar	0	1	1	resetcombat
0x005aa12c	static	0x4774	4	read	scalar	2	2	0	-
0x005aa12c	static	0x4778	4	write	scalar	1	0	1	newgame
0x005aa12c	static	0x477c	4	write	scalar	1	0	1	newgame
0x005aa12c	static	0x4788	4	write	scalar	1	0	1	newgame
0x005aa12c	static	0x478c	4	read-write	scalar	1	1	1	changecombatmap
0x005aa12c	static	0x4790	4	write	scalar	0	0	2	changecombatmap,resetcombat
0x005aa12c	static	0x4794	4	read-write	scalar	0	1	2	changecombatmap,resetcombat
0x005aa12c	static	0x4798	4	read-write	scalar	0	1	2	changecombatmap,resetcombat
0x005aa12c	static	0x479c	4	read-write	scalar	0	1	2	combatviewtoworld,resetcombat
0x005aa12c	static	0x47a8	1|4	read	scalar	1	1	0	-
0x005aa12c	static	0x47ac	4	read	scalar	1	1	0	-
0x005aa12c	static	0x47b0	1|4	read	scalar	2	1	0	-
0x005aa12c	static	0x47b4	4	read	scalar	2	1	0	-
0x005aa12c	static	0x47b8	4	write	scalar	1	0	3	cityviewtoworld,loadgame,newgame
0x005aa12c	static	0x4820	4	read	scalar	1	3	0	-
0x005aa12c	static	0x4828	4	read	scalar	1	5	0	-
0x005aa12c	static	0x482c	0	read	scalar	0	34	0	-
0x005aa12c	static	0x4830	4	write	scalar	1	0	6	cityviewtoworld,faithselect,faithselectcleanup,formationview,regionview,worldview
0x005aa12c	static	0x4834	4	write	scalar	1	0	5	changecombatmap,changescenariomap,faithselect,loadscenariomap,loadspecialmap
0x005aa12c	static	0x4838	4	write	scalar	1	0	1	cityviewtoworld
0x005aa12c	static	0x4840	4	write	scalar	1	0	1	cityviewtoworld
0x005aa12c	static	0x4844	4	read-write	scalar	1	3	3	cityviewtoworld,faithselect,newgame
0x005aa12c	static	0x4848	0	read	scalar	0	28	0	-
0x005aa12c	static	0x484c	4	read-write	scalar	2	8	5	changecombatmap,changescenariomap,loadscenariomap,loadspecialmap,scanforplaceholders
0x005aa12c	static	0x4850	4	read-write	scalar	1	18	1	faithselect
0x005aa12c	static	0x4854	4	read-write	scalar	2	3	1	faithselect
0x005aa12c	static	0x4858	4	read-write	scalar	2	11	1	faithselect
0x005aa12c	static	0x485c	4	read-write	scalar	2	2	2	addterrainsprite,tick
0x005aa12c	static	0x4860	4	read-write	scalar	1	13	6	deletearmynow,destroyterrainsprite,faithselect,getunittypeeffectivedata,getunittypeeffectivedata_level,getunittypeeffectivedata_levelrange
0x005aa12c	static	0x4864	4	write	scalar	2	0	1	faithselect
0x005aa12c	static	0x4868	4	write	scalar	2	0	1	faithselect
0x005aa12c	static	0x486c	4	read-write	scalar	1	11	1	faithselect
0x005aa12c	static	0x4874	2	read	scalar	1	1	0	-
0x005aa12c	static	0x4880	4	read-write	scalar	1	10	3	cityviewtoworld,faithselect,newgame
0x005aa12c	static	0x4884	4	read-write	scalar	1	10	3	cityviewtoworld,faithselect,newgame
0x005aa12c	static	0x4888	0|4	read-write	scalar	1	13	3	cityviewtoworld,faithselect,newgame
0x005aa12c	static	0x488c	0|4	read-write	scalar	1	13	3	cityviewtoworld,faithselect,newgame
0x005aa12c	static	0x4890	4	read-write	scalar	1	24	3	cityviewtoworld,faithselect,newgame
0x005aa12c	static	0x4894	0|4	read-write	scalar	1	19	3	cityviewtoworld,faithselect,newgame
0x005aa12c	static	0x4898	4	read-write	scalar	0	13	3	cityviewtoworld,faithselect,newgame
0x005aa12c	static	0x489c	4	read-write	scalar	0	12	3	cityviewtoworld,faithselect,newgame
0x005aa12c	static	0x48a0	4	write	scalar	1	0	1	faithselect
0x005aa12c	static	0x48a4	4	write	scalar	1	0	1	faithselect
0x005aa12c	static	0x48a8	4	write	scalar	1	0	1	faithselect
0x005aa12c	static	0x48ac	4	write	scalar	1	0	1	faithselect
0x005aa12c	static	0x48b0	4	write	scalar	1	0	1	faithselect
0x005aa12c	static	0x48b4	4	write	scalar	1	0	1	faithselect
0x005aa12c	static	0x48b8	4	write	scalar	1	0	1	faithselect
0x005aa12c	static	0x48bc	4	write	scalar	1	0	1	faithselect
0x005aa12c	static	0x48c0	4	write	scalar	1	0	1	faithselect
0x005aa12c	static	0x48c4	4	write	scalar	1	0	1	faithselect
0x005aa12c	static	0x48c8	4	write	scalar	1	0	1	faithselect
0x005aa12c	static	0x48cc	4	write	scalar	1	0	1	faithselect
0x005aa12c	static	0x48d0	4	write	scalar	1	0	1	faithselect
0x005aa12c	static	0x48f4	4	write	scalar	2	0	1	faithselect
0x005aa12c	static	0x4900	4	write	scalar	2	0	1	faithselect
0x005aa12c	static	0x4904	0|4	read-write	scalar	1	4	1	cityviewtoworld
0x005aa12c	static	0x4908	4	write	scalar	2	0	1	cityviewtoworld
0x005aa12c	static	0x490c	4	read-write	scalar	2	1	1	cityviewtoworld
0x005aa12c	static	0x4910	4	read-write	scalar	2	1	1	cityviewtoworld
0x005aa12c	static	0x4914	4	read-write	scalar	2	1	1	cityviewtoworld
0x005aa12c	static	0x4918	4	write	scalar	2	0	1	cityviewtoworld
0x005aa12c	static	0x491c	4	read-write	scalar	2	1	1	cityviewtoworld
0x005aa12c	static	0x4920	4	read-write	scalar	2	1	1	cityviewtoworld
0x005aa12c	static	0x4924	4	read-write	scalar	2	1	1	cityviewtoworld
0x005aa12c	static	0x4928	4	read-write	scalar	2	1	1	cityviewtoworld
0x005aa12c	static	0x492c	4	write	scalar	2	0	1	cityviewtoworld
0x005aa12c	static	0x4930	4	write	scalar	2	0	1	cityviewtoworld
0x005aa12c	static	0x4938	4	read-write	scalar	2	1	1	cityviewtoworld
0x005aa12c	static	0x493c	4	read-write	scalar	2	1	1	cityviewtoworld
0x005aa12c	static	0x4a58	4	read-write	scalar	2	1	1	cityviewtoworld
0x005aa12c	static	0x4a5c	4	write	scalar	2	0	1	cityviewtoworld
0x005aa12c	static	0x4b0c	4	read-write	scalar	2	1	1	cityviewtoworld
0x005aa12c	static	0x4b10	4	write	scalar	2	0	1	cityviewtoworld
0x005aa12c	static	0x4b34	0|4	read-write	scalar	1	5	2	loadscenariomap,loadspecialmap
0x005aa12c	static	0x4b38	0	read	scalar	1	1	0	-
0x005aa12c	static	0x4c3c	0	read	scalar	1	3	0	-
0x005aa12c	static	0x4d4c	0|4	read-write	scalar	0	4	3	faithselect,newgame,tick
0x005aa12c	static	0x4d50	4	read-write	scalar	2	1	1	faithselect
0x005aa12c	static	0x4d58	4	write	scalar	2	0	1	tick
0x005aa12c	static	0x4d5c	4	write	scalar	2	0	1	tick
0x005aa12c	static	0x4d60	0|4	read-write	scalar	0	3	2	faithselect,newgame
0x005aa12c	static	0x4d64	4	read-write	scalar	2	1	1	faithselect
0x005aa12c	static	0x4d74	0|4	read-write	scalar	0	3	2	faithselect,newgame
0x005aa12c	static	0x4d78	4	read-write	scalar	2	1	1	faithselect
0x005aa12c	static	0x4d84	0|4	read-write	scalar	0	3	2	faithselect,newgame
0x005aa12c	static	0x4d88	4	read-write	scalar	2	1	1	faithselect
0x005aa12c	static	0x4d94	0|4	read-write	scalar	0	3	2	faithselect,newgame
0x005aa12c	static	0x4d98	4	read-write	scalar	2	1	1	faithselect
0x005aa12c	static	0x4da4	0|4	read-write	scalar	0	3	2	faithselect,newgame
0x005aa12c	static	0x4da8	4	read-write	scalar	2	1	1	faithselect
0x005aa12c	static	0x4db0	0|4	read	scalar	1	1	0	-
0x005aa12c	static	0x4db4	0	read	scalar	2	1	0	-
0x005aa12c	static	0x4db8	4	read	scalar	2	1	0	-
0x005aa12c	static	0x4dc4	0	read	scalar	1	1	0	-
0x005aa12c	static	0x4dc8	4	read-write	scalar	1	1	1	tick
0x005aa12c	static	0x4dcc	4	write	scalar	1	0	1	tick
0x005aa12c	static	0x4dd8	0|4	read-write	scalar	0	7	6	changecombatmap,changescenariomap,faithselect,loadscenariomap,loadspecialmap,newgame
0x005aa12c	static	0x4ddc	4	write	scalar	1	0	5	changecombatmap,changescenariomap,faithselect,loadscenariomap,loadspecialmap
0x005aa12c	static	0x4de0	4	write	scalar	1	0	5	changecombatmap,changescenariomap,faithselect,loadscenariomap,loadspecialmap
0x005aa12c	static	0x4de4	4	write	scalar	1	0	5	changecombatmap,changescenariomap,faithselect,loadscenariomap,loadspecialmap
0x005aa12c	static	0x4de8	0	read	scalar	2	2	0	-
0x005aa12c	static	0x4f84	4	read-write	scalar	2	2	2	faithselect,newgame
0x005aa12c	static	0x4f90	4	write	scalar	1	0	5	changecombatmap,changescenariomap,faithselect,loadscenariomap,loadspecialmap
0x005aa12c	static	0x4f94	0	read	scalar	1	6	0	-
0x005aa12c	static	0x4fac	4	write	scalar	1	0	1	tick
0x005aa12c	static	0x4fb0	4	read-write	scalar	1	1	1	tick
0x005aa12c	static	0x4fb4	0	read	scalar	1	1	0	-
0x005aa12c	static	0x4fc8	0	read	scalar	1	1	0	-
0x005aa12c	static	0x4fcc	0|4	read	indexed	1	1	0	-
0x005aa12c	static	0x4fec	4	read-write	scalar	1	2	1	combatviewtoworld
0x005aa12c	static	0x4ff0	4	read	scalar	1	2	0	-
0x005aa12c	static	0x5004	0|4	read-write	scalar	1	1	1	newgame
0x005aa12c	static	0x5008	0|1|4	read-write	scalar	1	2	2	newgame,tick
0x005aa12c	static	0x500c	4	read	scalar	0	1	0	-
0x005aa12c	static	0x5010	4	read	scalar	0	1	0	-
0x005aa12c	static	0x501c	4	read	scalar	0	1	0	-
0x005aa12c	static	0x5024	4	read-write	scalar	1	2	2	resetcombat,tick
0x005aa12c	static	0x5028	4	write	scalar	0	0	1	resetcombat
0x005aa12c	static	0x502c	4	read	scalar	1	2	0	-
0x005aa12c	static	0x5030	4	read	scalar	1	2	0	-
0x005aa12c	static	0x5034	4	read-write	scalar	1	1	2	resetnetworking,startnetgame
0x005aa12c	static	0x5038	4	write	scalar	1	0	2	resetnetworking,startnetgame
0x005aa12c	static	0x503c	4	write	scalar	1	0	2	resetnetworking,startnetgame
0x005aa12c	static	0x5040	1|4	read	scalar	2	1	0	-
0x005aa12c	static	0x5044	4	read	scalar	2	1	0	-
0x005aa12c	static	0x5048	4	read-write	scalar	0	1	2	resetcombat,tick
0x005aa12c	static	0x504c	1|4	read	scalar	2	1	0	-
0x005aa12c	static	0x5050	4	read	scalar	2	1	0	-
0x005aa12c	static	0x5058	4	read-write	scalar	2	1	2	netgamestarted,tick
0x005aa12c	static	0x505c	4	read-write	scalar	2	1	2	netgamestarted,tick
0x005aa12c	static	0x5060	4	read-write	scalar	2	1	1	netgamestarted
0x005aa12c	static	0x5064	4	read-write	scalar	1	3	1	setpause
0x005aa12c	static	0x5068	0	read	indexed	0	12	0	-
0x005aa12c	static	0x509c	0	read	scalar	2	1	0	-
0x005aa12c	static	0x50a4	0	read	scalar	2	1	0	-
0x005aa12c	static	0x50a8	4	write	scalar	2	0	1	newgame
0x005aa12c	static	0x50ac	0	read	indexed	1	1	0	-
0x005aa12c	static	0x50d0	0	read	scalar	2	1	0	-
0x005aa12c	static	0x5d64	0	read	scalar	2	1	0	-
0x005aa12c	static	0x5d78	0	read	scalar	2	1	0	-
0x005aa12c	static	0x5d8c	4	read	scalar	2	1	0	-
0x005aa12c	static	0x5d90	0	read	scalar	2	1	0	-
0x005aa12c	static	0x6610	0|4	read-write	scalar	2	2	1	newgame
0x005aa12c	static	0x6614	0|4	read-write	scalar	2	1	1	newgame
0x005aa12c	static	0x6618	0|4	read-write	indexed	1	2	1	newgame
0x005aa12c	static	0x661c	0|4	read-write	scalar	2	1	1	loadgame
0x005aa12c	static	0x6620	0|4	read-write	indexed	1	1	1	loadgame
0x005aa12c	static	0x6624	4	read-write	scalar	2	1	1	loadgame
0x005aa12c	static	0x6640	0|1|4	read-write	indexed	0	9	3	cityviewtoworld,loadgame,newgame
0x005aa12c	static	0x6648	0	read	scalar	2	2	0	-
0x005aa12c	static	0x6ccc	0	read	scalar	2	2	0	-
0x005ae974	static	0x8	4	read	scalar	1	66	0	-
0x005ae974	static	0xc	4	read	scalar	2	1	0	-
0x005ae974	static	0x10	4	read	scalar	1	39	0	-
0x005ae974	static	0x14	4	read-write	scalar	2	1	1	indicatepath
0x005ae974	static	0x18	4	read	scalar	1	29	0	-
0x005ae974	static	0x1c	4	read	scalar	1	1	0	-
0x005ae974	static	0x24	4	read	scalar	1	27	0	-
0x00584ae8	static	0x0	4	write	indexed	1	0	1	setlineofsite
0x00584ae8	static	0x110	4	read	scalar	1	1	0	-
0x00584ae8	static	0x170	0|4	read	scalar	1	1	0	-
0x00584ae8	static	0x174	4	write	scalar	1	0	1	specifyspelltarget
0x00584ae8	static	0x178	4	write	scalar	1	0	1	specifyspelltarget
0x00584ae8	static	0x17c	4	write	scalar	1	0	1	specifyspelltarget
0x00584ae8	static	0x180	4	write	scalar	1	0	1	specifyspelltarget
0x00584ae8	static	0x184	4	write	scalar	1	0	1	specifyspelltarget
0x00584ae8	static	0x1b0	1|4	read	scalar	2	3	0	-
0x00584ae8	static	0x1b4	4	read	scalar	2	3	0	-
0x00584ae8	static	0x1b8	4	read	scalar	1	5	0	-
0x00584ae8	static	0x268	4	read	scalar	1	1	0	-
0x00584ae8	static	0x26c	4	read	scalar	1	5	0	-
0x00584ae8	static	0x270	4	read	scalar	1	1	0	-
0x00584ae8	static	0x274	4	read	scalar	1	1	0	-
0x00584ae8	static	0x278	0|4	read	scalar	1	26	0	-
0x00584ae8	static	0x680	4	read	scalar	1	27	0	-
0x00584ae8	static	0x684	0|4	read-write	indexed	1	31	1	coarsescrollpixels
0x00584ae8	static	0x688	4	read	scalar	1	32	0	-
0x00584ae8	static	0x68c	4	read	scalar	1	22	0	-
0x00584ae8	static	0x6e4	0|4	read-write	indexed	1	1	1	coarsescrollpixels
0x00584ae8	static	0x750	0	read	scalar	1	7	0	-
0x00584ae8	static	0x758	4	read	scalar	1	7	0	-
0x00584ae8	static	0x75c	4	read	scalar	1	7	0	-
0x00584ae8	static	0x760	4	read	scalar	1	7	0	-
0x00584ae8	static	0x774	4	read	scalar	1	7	0	-
0x00584ae8	static	0x7bc	0	read	scalar	1	1	0	-
0x00584ae8	static	0x7c4	4	read	scalar	1	1	0	-
0x00584ae8	static	0x7c8	4	read	scalar	1	1	0	-
0x00584ae8	static	0x7cc	4	read	scalar	1	1	0	-
0x00584ae8	static	0x7e0	4	read	scalar	1	1	0	-
0x00584ae8	static	0x904	1|4	read	scalar	1	6	0	-
0x00584ae8	static	0x908	1	read	scalar	1	6	0	-
0x00584ae8	static	0x90c	1|4	read	scalar	1	6	0	-
0x00584ae8	static	0x910	1	read	scalar	1	6	0	-
0x00584ae8	static	0x914	1|4	read	scalar	1	6	0	-
0x00584ae8	static	0x918	1	read	scalar	1	6	0	-
0x00584ae8	static	0x920	0	read	scalar	1	1	0	-
0x00584ae8	static	0x18d0	4	read	scalar	2	1	0	-
0x00584ae8	static	0x18fc	4	read	scalar	1	1	0	-
0x00584ae8	static	0x1904	4	read	scalar	1	1	0	-
0x00584ae8	static	0x1cd4	4	read	scalar	2	1	0	-
0x00584ae8	static	0x1cd8	0|4	read-write	scalar	1	1	1	modalloop
0x00584ae8	static	0x1cdc	4	read-write	scalar	1	1	1	modalloop
0x00584ae8	static	0x1ce0	4	read-write	scalar	2	1	1	modalloop
0x00584ae8	static	0x1ee4	0	read	scalar	2	1	0	-
0x00584ae8	static	0x1ef4	4	read	scalar	2	1	0	-
0x00584ae8	static	0x1ef8	4	read	scalar	2	1	0	-
0x00584ae8	static	0x1efc	4	read-write	scalar	2	1	1	modalloop
0x00584ae8	static	0x1f00	4	read	scalar	2	1	0	-
0x00584ae8	static	0x1f04	4	read	scalar	2	1	0	-
0x00584ae8	static	0x1f08	4	read	scalar	2	1	0	-
0x00584ae8	static	0x2be4	4	read	scalar	1	26	0	-
0x00584ae8	static	0x2bec	1|4	read-write	scalar	1	22	1	scrollmap
0x00584ae8	static	0x2dd4	4	read	scalar	1	2	0	-
0x00584ae8	static	0x2dd8	4	read	scalar	1	2	0	-
0x00584ae8	static	0x2dfc	4	read	scalar	1	1	0	-
0x00584cd4	static	0x0	4	read-write	scalar	1	2	1	startbartersession
0x00584cd4	static	0x4	4	read-write	scalar	1	2	1	startbartersession
0x00584cd4	static	0x8	4	read-write	scalar	1	31	1	startbartersession
0x00584cd4	static	0xc	4	read-write	scalar	1	24	1	startbartersession
0x00584cd4	static	0x10	4	write	scalar	1	0	9	barteraccept,barterattack,barterattackautocalc,barternotinterested,barterpropose,playerbarteraccept,playerbarterattack,playerbarternotinterested,playerbarterpropose
0x00584cd4	static	0x14	4	read-write	scalar	1	4	9	barteraccept,barterattack,barterattackautocalc,barternotinterested,barterpropose,playerbarteraccept,playerbarterattack,playerbarternotinterested,playerbarterpropose
0x00584cd4	static	0x18	4	read-write	scalar	1	16	15	barteraccept,barterattack,barterattackautocalc,bartercancelrenegotiate,barternotinterested,barterpropose,barterrenegotiate,playerbarteraccept,playerbarterattack,playerbartercancelrenegotiate,playerbarternotinterested,playerbarterpropose,playerbarterrenegotiate,playercancelbartersession,startbartersession
0x00584cd4	static	0x1c	1	write	scalar	1	0	1	startbartersession
0x00584cd4	static	0x1d	1	read-write	scalar	1	3	4	barterattack,barterattackautocalc,playerbarterattack,startbartersession
0x00584cd4	static	0x20	4	write	scalar	1	0	1	startbartersession
0x00584cd4	static	0x24	4	write	scalar	1	0	1	startbartersession
0x00584cd4	static	0x28	0|2	read	indexed	1	14	0	-
0x00584cd4	static	0x2c	0|1	read	indexed	1	11	0	-
0x00584cd4	static	0x2d	0|1	read	indexed	1	4	0	-
0x00584cd4	static	0x56	0|1	read-write	scalar	0	2	2	clearslots,startbartersession
0x00585408	static	0x0	0|4	read-write	indexed	0	15	11	interruptsound,loopsoundfx,playsoundfx,playsoundfxwait,playspeechvol,playunitsoundfx,playvoice,smartsound,stopallsoundfx,stopsoundfx,virtualunitselectspeak
0x00585408	static	0x14	0|4	read	indexed	1	9	0	-
0x00585408	static	0xdc	0|4	read	indexed	1	9	0	-
0x00585408	static	0xf0	0|4	read	indexed	1	11	0	-
0x00585408	static	0x180	0|4	read-write	indexed	1	9	1	loadstaticsound
0x00585408	static	0x6f4	0	read	indexed	1	9	0	-
0x00585408	static	0x6f8	0|4	read-write	indexed	1	9	9	interruptsound,loaddynamicsound,loopsoundfx,playsoundfx,playsoundfxwait,playspeechvol,playunitsoundfx,playvoice,virtualunitselectspeak
0x00585408	static	0x780	0|4	read-write	scalar	1	5	4	playambientloop,setambientvolume,setlastaudiosettings,stopambientloop
0x00585408	static	0x784	0|4	read-write	scalar	1	5	5	playambientloop,playambientsfx,setambientvolume,setlastaudiosettings,stopambientloop
0x00585408	static	0x790	4	read	indexed	1	1	0	-
0x00585408	static	0xfb0	4	read	scalar	1	5	0	-
0x00585408	static	0xfb8	4	read	scalar	1	8	0	-
0x00585408	static	0xfbc	4	read	scalar	2	12	0	-
0x00585408	static	0xfc0	0|4	read-write	indexed	0	7	6	fadeoutmusic,playmoodmusic,playmusic,playspeech,setlastaudiosettings,setmusicvolume
0x00585408	static	0xfc4	4	read-write	scalar	1	6	6	fadeoutmusic,playmoodmusic,playmusic,playspeech,setlastaudiosettings,setmusicvolume
0x00585408	static	0xfc8	4	write	scalar	1	0	4	modifymood,playmoodmusic,playmusic,playspeech
0x00585408	static	0xfd0	4	write	scalar	2	0	1	playmoodmusic
0x00585408	static	0xfd4	4	read	scalar	2	1	0	-
0x00585408	static	0xfdc	4	write	indexed	0	0	4	playmoodmusic,playmusic,playspeech,togglescrollmusic
0x00585408	static	0x123c	4	write	scalar	0	0	2	modifymood,playmoodmusic
0x00585408	static	0x1240	4	read-write	scalar	0	2	2	modifymood,playmoodmusic
0x00585408	static	0x1244	0	read	scalar	2	2	0	-
0x00585408	static	0x1344	1	read-write	scalar	2	2	2	modifymood,playmoodmusic
0x00585408	static	0x1345	1	read-write	scalar	0	2	2	modifymood,playmoodmusic
0x00585408	static	0x1358	4	read-write	scalar	0	2	2	modifymood,playmoodmusic
0x00585408	static	0x1368	4	read-write	scalar	1	1	2	setlastaudiosettings,setmusicvolume
0x00585408	static	0x136c	4	read-write	scalar	1	1	2	setlastaudiosettings,setsoundfxvolume
0x00585408	static	0x1370	4	write	scalar	1	0	2	setlastaudiosettings,setspeechvolume
0x00585408	static	0x1374	4	read-write	scalar	1	2	2	setambientvolume,setlastaudiosettings
0x00585408	static	0x1378	4	read	scalar	1	1	0	-
0x00585408	static	0x1380	4	write	scalar	1	0	1	playambientsfx
0x00585408	static	0x1390	4	read	scalar	2	2	0	-
0x00585408	static	0x1394	4	read	scalar	2	2	0	-
0x00585408	static	0x1398	4	read-write	scalar	1	10	1	smartsound
0x00585408	static	0x139c	4	write	scalar	1	0	1	smartsound
0x00585408	static	0x13a0	4	read-write	scalar	1	8	1	smartsound
0x00585408	static	0x13ac	4	read-write	scalar	1	8	1	smartsound
0x00585408	static	0x13b4	4	read	scalar	0	25	0	-
0x005876d0	static	0x0	4	read	scalar	1	14	0	-
0x005876d0	static	0x8	4	write	scalar	1	0	1	ambientlight
0x005876d0	static	0xc	4	write	scalar	1	0	1	ambientlight
0x005876d0	static	0x10	4	write	scalar	1	0	1	ambientlight
0x005876d0	static	0x14	4	write	scalar	1	0	1	ambientlight
0x005876d0	static	0x18	4	write	scalar	1	0	1	diffuselight
0x005876d0	static	0x1c	4	write	scalar	1	0	1	diffuselight
0x005876d0	static	0x20	4	write	scalar	1	0	1	diffuselight
0x005876d0	static	0x24	4	write	scalar	1	0	1	diffuselight
0x005876d0	static	0x48	4	write	scalar	1	0	3	faithselect,faithselectcleanup,rotatex
0x005876d0	static	0x4c	4	write	scalar	1	0	1	rotatey
0x005876d0	static	0x50	4	write	scalar	1	0	4	faithselect,faithselectcleanup,rotatemap,rotatez
0x005876d0	static	0x54	4	read-write	scalar	1	1	1	scale
0x005876d0	static	0x58	4	write	scalar	1	0	1	lightorientation
0x005876d0	static	0x5c	4	write	scalar	1	0	1	lightorientation
0x005876d0	static	0x60	4	write	scalar	1	0	1	lightorientation
0x005876d0	static	0x64	0|4	read-write	scalar	1	2	1	scale
0x005876d0	static	0x78	4	write	scalar	1	0	1	scale
0x005876d0	static	0xa4	4	write	scalar	1	0	4	cameraorientation,faithselect,faithselectcleanup,rotatex
0x005876d0	static	0xb8	4	write	scalar	1	0	4	cameraorientation,faithselect,faithselectcleanup,rotatex
0x005876d0	static	0xbc	4	write	scalar	1	0	4	cameraorientation,faithselect,faithselectcleanup,rotatex
0x005876d0	static	0xc8	4	write	scalar	1	0	4	cameraorientation,faithselect,faithselectcleanup,rotatex
0x005876d0	static	0xcc	4	write	scalar	1	0	4	cameraorientation,faithselect,faithselectcleanup,rotatex
0x005876d0	static	0xe0	4	write	scalar	1	0	4	cameraorientation,faithselect,faithselectcleanup,rotatex
0x005876d0	static	0xe4	4	write	scalar	1	0	2	cameraorientation,rotatey
0x005876d0	static	0xec	4	write	scalar	1	0	2	cameraorientation,rotatey
0x005876d0	static	0xf8	4	write	scalar	1	0	2	cameraorientation,rotatey
0x005876d0	static	0x104	4	write	scalar	1	0	2	cameraorientation,rotatey
0x005876d0	static	0x10c	4	write	scalar	1	0	2	cameraorientation,rotatey
0x005876d0	static	0x120	4	write	scalar	1	0	2	cameraorientation,rotatey
0x005876d0	static	0x124	4	write	scalar	1	0	4	faithselect,faithselectcleanup,rotatemap,rotatez
0x005876d0	static	0x128	4	write	scalar	1	0	4	faithselect,faithselectcleanup,rotatemap,rotatez
0x005876d0	static	0x134	4	write	scalar	1	0	4	faithselect,faithselectcleanup,rotatemap,rotatez
0x005876d0	static	0x138	4	write	scalar	1	0	4	faithselect,faithselectcleanup,rotatemap,rotatez
0x005876d0	static	0x14c	4	write	scalar	1	0	4	faithselect,faithselectcleanup,rotatemap,rotatez
0x005876d0	static	0x160	4	write	scalar	1	0	4	faithselect,faithselectcleanup,rotatemap,rotatez
0x005876d0	static	0x164	0	read	scalar	2	5	0	-
0x005876d0	static	0x1a4	4	read-write	scalar	1	11	9	centermilitaryunit,centeron,faithselect,positionfaithmap,positionmap,resetcombat,rotatemap,scale,scrollmap
0x005876d0	static	0x1a8	4	read-write	scalar	1	11	9	centermilitaryunit,centeron,faithselect,positionfaithmap,positionmap,resetcombat,rotatemap,scale,scrollmap
0x005876d0	static	0x1ac	4	read-write	scalar	1	2	2	create3dmap,rotatemap
0x005876d0	static	0x1b0	4	write	scalar	1	0	9	arrow_scroll,centermilitaryunit,centeron,faithselect,positionfaithmap,positionmap,resetcombat,rotatemap,scale
0x005876d0	static	0x1b4	4	write	scalar	1	0	9	arrow_scroll,centermilitaryunit,centeron,faithselect,positionfaithmap,positionmap,resetcombat,rotatemap,scale
0x005876d0	static	0x1b8	0|4	read	scalar	1	1	0	-
0x005876d0	static	0x1bc	4	read	scalar	1	1	0	-
0x005876d0	static	0x1c0	4	read	scalar	1	1	0	-
0x005876d0	static	0x1c4	4	read	scalar	1	1	0	-
0x005876d0	static	0x1c8	0|4	read	scalar	1	1	0	-
0x005876d0	static	0x1cc	4	read	scalar	1	1	0	-
0x005876d0	static	0x1d0	4	read	scalar	1	1	0	-
0x005876d0	static	0x1d4	4	read	scalar	1	1	0	-
0x005876d0	static	0x1d8	4	read	scalar	1	1	0	-
0x005876d0	static	0x1dc	4	read	scalar	2	1	0	-
0x005876d0	static	0x1e4	4	write	scalar	1	0	1	scrollmap
0x005876d0	static	0x1e8	4	write	scalar	1	0	1	scrollmap
0x005876d0	static	0x1ec	4	read	scalar	1	10	0	-
0x005876d0	static	0x1f0	4	read	scalar	1	9	0	-
0x005876d0	static	0x1fc	4	read-write	scalar	1	1	10	arrow_scroll,centermilitaryunit,centeron,faithselect,positionfaithmap,positionmap,resetcombat,rotatemap,scale,scrollmap
0x005876d0	static	0x200	4	read-write	scalar	1	1	10	arrow_scroll,centermilitaryunit,centeron,faithselect,positionfaithmap,positionmap,resetcombat,rotatemap,scale,scrollmap
0x005876d0	static	0x204	4	write	scalar	1	0	1	scrollmap
0x005876d0	static	0x208	4	write	scalar	1	0	1	scrollmap
0x005876d0	static	0x20c	4	write	scalar	1	0	1	scrollmap
0x005876d0	static	0x214	4	write	scalar	1	0	1	scrollmap
0x005876d0	static	0x218	4	read-write	scalar	1	3	2	wrappingoff,wrappingon
0x005876d0	static	0x21c	4	read	scalar	2	2	0	-
0x005876d0	static	0x220	4	read-write	scalar	2	1	2	wrappingoff,wrappingon
0x005876d0	static	0x22c	4	read-write	indexed	2	1	4	orthographic,perspective,rebuild3dmap,scale
0x005876d0	static	0x230	4	write	scalar	2	0	4	orthographic,perspective,rebuild3dmap,scale
0x005876d0	static	0x234	4	read-write	scalar	2	4	4	orthographic,perspective,rebuild3dmap,scale
0x005876d0	static	0x238	4	read-write	scalar	2	4	4	orthographic,perspective,rebuild3dmap,scale
0x005876d0	static	0x23c	4	read-write	scalar	2	4	4	orthographic,perspective,rebuild3dmap,scale
0x005876d0	static	0x240	4	write	scalar	2	0	4	orthographic,perspective,rebuild3dmap,scale
0x005876d0	static	0x244	4	write	scalar	2	0	4	orthographic,perspective,rebuild3dmap,scale
0x005876d0	static	0x248	4	write	scalar	2	0	4	orthographic,perspective,rebuild3dmap,scale
0x005876d0	static	0x250	0|4	read-write	indexed	2	1	4	orthographic,perspective,rebuild3dmap,scale
0x005876d0	static	0x254	4	write	scalar	2	0	4	orthographic,perspective,rebuild3dmap,scale
0x005876d0	static	0x258	4	read-write	scalar	2	4	4	orthographic,perspective,rebuild3dmap,scale
0x005876d0	static	0x25c	4	read-write	scalar	2	4	4	orthographic,perspective,rebuild3dmap,scale
0x005876d0	static	0x260	4	read-write	scalar	2	4	4	orthographic,perspective,rebuild3dmap,scale
0x005876d0	static	0x264	4	write	scalar	2	0	4	orthographic,perspective,rebuild3dmap,scale
0x005876d0	static	0x268	4	write	scalar	2	0	4	orthographic,perspective,rebuild3dmap,scale
0x005876d0	static	0x26c	4	write	scalar	2	0	4	orthographic,perspective,rebuild3dmap,scale
0x005876d0	static	0x284	0|4	read	scalar	1	1	0	-
0x005876d0	static	0x28c	4	read	scalar	2	1	0	-
0x005876d0	static	0x290	4	read	scalar	2	1	0	-
0x005876d0	static	0x294	4	write	scalar	2	0	1	changetexture
0x005876d0	static	0x2a0	4	read-write	scalar	2	1	1	changetexture
0x005876d0	static	0x2a4	0	read	scalar	0	2	0	-
0x005aef04	static	0x0	4	read-write	scalar	0	16	1	clearregions
0x005aef04	static	0x4	4	read-write	scalar	0	3	1	clearregions
0x005aef04	static	0x8	4	read-write	scalar	1	3	1	clearregions
0x005aef04	static	0xc	4	read-write	scalar	0	14	1	clearregions
0x005aef04	static	0x10	0	read	scalar	1	13	0	-
0x005aef04	static	0x1ac	4	read-write	scalar	0	15	3	autoregions,clearregions,findregions
0x005aef04	static	0x1b0	4	read-write	scalar	0	14	2	autoregions,findregions
0x005aef04	static	0x1b4	4	read-write	scalar	1	8	8	connectedbyland,connectedbywater,findgeography,findregions,numturnstoreachcity,numturnstoreachsprite,placecitywall_gate,testvisit
0x005aef04	static	0x1b8	4	read-write	scalar	0	4	12	clearregions,connectedbyland,connectedbywater,findgeography,findregions,longmovemerge,longmovemergeat,numturnstoreacharmy,numturnstoreachcity,numturnstoreachsprite,placecitywall_gate,testvisit
0x005aef04	static	0x1bc	0	read	scalar	0	13	0	-
0x005aef04	static	0x1d8	4	read	scalar	0	1	0	-
0x005aef04	static	0x214	4	read	scalar	0	1	0	-
0x005aef04	static	0x230	4	read	scalar	0	1	0	-
0x005aef04	static	0x234	4	read	scalar	1	1	0	-
0x005aef04	static	0x238	4	read	scalar	1	1	0	-
0x005aef04	static	0x23c	4	read	scalar	0	1	0	-
0x005d1e84	indirect	0x0	4	read	scalar	0	13	0	-
0x005d1e84	indirect	0xd4	4	read	scalar	1	1	0	-
0x005d1e84	indirect	0x100	4	read	scalar	0	11	0	-
0x005d1e84	indirect	0x104	0	read	scalar	1	2	0	-
0x005d1e84	indirect	0x11b	1	write	scalar	1	0	1	setcomputername
0x005d1e84	indirect	0x120	4	read	scalar	1	7	0	-
0x005d1e84	indirect	0x134	0	read	indexed	1	1	0	-
0x005d1e84	indirect	0x2c8	4	read	scalar	1	1	0	-
0x005d1e84	indirect	0x36c	4	read	scalar	0	2	0	-
0x005d1e84	indirect	0x390	4	read	scalar	0	3	0	-
0x005a7b78	indirect	0x50	4	read	scalar	0	11	0	-
0x005a7b78	indirect	0x54	4	read-write	scalar	0	16	11	changeplayerintelinfo,enternetpikfaithscreen,getunithitpoints,getunitlevelrange,getunitmovementpoints,getunittypeeffectivedata_level,getunittypeeffectivedata_levelrange,getunittypelevelrange,knockoutprisoners,needhealing?,setplayerintelinfo
0x005a7b78	indirect	0x58	4	read	scalar	1	2	0	-
0x005a7b78	indirect	0x60	4	read	scalar	1	7	0	-
0x005a7b78	indirect	0x6c	4	read	scalar	1	9	0	-
0x005a7b78	indirect	0x70	4	read	scalar	1	7	0	-
0x005a7b78	indirect	0x90	4	read-write	scalar	0	18	18	changeplayerintelinfo,enternetpikfaithscreen,getunithitpoints,getunitlevelrange,getunitmovementpoints,getunittypeeffectivedata,getunittypeeffectivedata_level,getunittypeeffectivedata_levelrange,getunittypelevelrange,instantkillprisoner,knockoutprisoners,needhealing?,removeunits,reseteoturn,restorehealth,select_new_play,setplayerintelinfo,setqueststatus
0x005a7b78	indirect	0x94	4	read	scalar	2	15	0	-
0x005a7b78	indirect	0x98	4	read	scalar	2	15	0	-
0x005a7b78	indirect	0x9c	4	read	scalar	1	13	0	-
0x005a7b78	indirect	0xa0	4	read	scalar	1	13	0	-
0x005a7b78	indirect	0xa4	4	read-write	scalar	0	9	18	changeplayerintelinfo,enternetpikfaithscreen,getunithitpoints,getunitlevelrange,getunitmovementpoints,getunittypeeffectivedata,getunittypeeffectivedata_level,getunittypeeffectivedata_levelrange,getunittypelevelrange,instantkillprisoner,knockoutprisoners,needhealing?,removeunits,reseteoturn,restorehealth,select_new_play,setplayerintelinfo,setqueststatus
0x005a7b78	indirect	0xa8	0|4	read-write	indexed	1	15	11	changeplayerintelinfo,enternetpikfaithscreen,getunittypeeffectivedata,instantkillprisoner,knockoutprisoners,removeunits,reseteoturn,restorehealth,select_new_play,setplayerintelinfo,setqueststatus
0x005a7b78	indirect	0xac	4	read-write	indexed	1	15	11	changeplayerintelinfo,enternetpikfaithscreen,getunittypeeffectivedata,instantkillprisoner,knockoutprisoners,removeunits,reseteoturn,restorehealth,select_new_play,setplayerintelinfo,setqueststatus
0x005a7b78	indirect	0x3c4	4	write	indexed	1	0	9	enternetpikfaithscreen,getunittypeeffectivedata,instantkillprisoner,knockoutprisoners,removeunits,reseteoturn,restorehealth,select_new_play,setqueststatus
0x005a7b78	indirect	0x3c8	0|4	read	indexed	2	15	0	-
0x005a7b78	indirect	0x558	4	read-write	scalar	1	17	11	changeplayerintelinfo,enternetpikfaithscreen,getunittypeeffectivedata,instantkillprisoner,knockoutprisoners,removeunits,reseteoturn,restorehealth,select_new_play,setplayerintelinfo,setqueststatus
0x005a7b78	indirect	0x880	0|1	read-write	scalar	2	15	15	changeplayerintelinfo,enternetpikfaithscreen,getunithitpoints,getunitlevelrange,getunitmovementpoints,getunittypeeffectivedata,getunittypeeffectivedata_level,getunittypelevelrange,instantkillprisoner,knockoutprisoners,needhealing?,removeunits,restorehealth,select_new_play,setplayerintelinfo
0x005a7b78	indirect	0x984	0	read	scalar	2	15	0	-
0x005a7b78	indirect	0xa4b	1	write	scalar	2	0	15	changeplayerintelinfo,enternetpikfaithscreen,getunithitpoints,getunitlevelrange,getunitmovementpoints,getunittypeeffectivedata,getunittypeeffectivedata_level,getunittypelevelrange,instantkillprisoner,knockoutprisoners,needhealing?,removeunits,restorehealth,select_new_play,setplayerintelinfo
0x005a7b78	indirect	0xa4c	4	write	scalar	2	0	15	changeplayerintelinfo,enternetpikfaithscreen,getunithitpoints,getunitlevelrange,getunitmovementpoints,getunittypeeffectivedata,getunittypeeffectivedata_level,getunittypelevelrange,instantkillprisoner,knockoutprisoners,needhealing?,removeunits,restorehealth,select_new_play,setplayerintelinfo
0x005a7b78	indirect	0xa50	4	write	scalar	2	0	15	changeplayerintelinfo,enternetpikfaithscreen,getunithitpoints,getunitlevelrange,getunitmovementpoints,getunittypeeffectivedata,getunittypeeffectivedata_level,getunittypelevelrange,instantkillprisoner,knockoutprisoners,needhealing?,removeunits,restorehealth,select_new_play,setplayerintelinfo
0x005a7b78	indirect	0xa54	4	write	scalar	2	0	15	changeplayerintelinfo,enternetpikfaithscreen,getunithitpoints,getunitlevelrange,getunitmovementpoints,getunittypeeffectivedata,getunittypeeffectivedata_level,getunittypelevelrange,instantkillprisoner,knockoutprisoners,needhealing?,removeunits,restorehealth,select_new_play,setplayerintelinfo
0x005a7b78	indirect	0xa58	4	write	scalar	2	0	15	changeplayerintelinfo,enternetpikfaithscreen,getunithitpoints,getunitlevelrange,getunitmovementpoints,getunittypeeffectivedata,getunittypeeffectivedata_level,getunittypelevelrange,instantkillprisoner,knockoutprisoners,needhealing?,removeunits,restorehealth,select_new_play,setplayerintelinfo
0x005a7b78	indirect	0xa5c	4	write	scalar	2	0	15	changeplayerintelinfo,enternetpikfaithscreen,getunithitpoints,getunitlevelrange,getunitmovementpoints,getunittypeeffectivedata,getunittypeeffectivedata_level,getunittypelevelrange,instantkillprisoner,knockoutprisoners,needhealing?,removeunits,restorehealth,select_new_play,setplayerintelinfo
0x005a7b78	indirect	0xa60	4	read-write	scalar	2	15	15	changeplayerintelinfo,enternetpikfaithscreen,getunithitpoints,getunitlevelrange,getunitmovementpoints,getunittypeeffectivedata,getunittypeeffectivedata_level,getunittypelevelrange,instantkillprisoner,knockoutprisoners,needhealing?,removeunits,restorehealth,select_new_play,setplayerintelinfo
0x005a7b78	indirect	0xa64	4	read-write	scalar	2	15	15	changeplayerintelinfo,enternetpikfaithscreen,getunithitpoints,getunitlevelrange,getunitmovementpoints,getunittypeeffectivedata,getunittypeeffectivedata_level,getunittypelevelrange,instantkillprisoner,knockoutprisoners,needhealing?,removeunits,restorehealth,select_new_play,setplayerintelinfo
0x005a7b78	indirect	0xa78	4	read-write	scalar	1	13	13	changeplayerintelinfo,enternetpikfaithscreen,getunithitpoints,getunitlevelrange,getunitmovementpoints,getunittypeeffectivedata_level,getunittypeeffectivedata_levelrange,getunittypelevelrange,knockoutprisoners,needhealing?,reseteoturn,setplayerintelinfo,setqueststatus
0x005a7b78	indirect	0xa7c	4	read	scalar	0	2	0	-
0x005a7b78	indirect	0xa80	4	read	scalar	0	2	0	-
0x005a7b78	indirect	0xa84	4	read	scalar	0	2	0	-
0x005a7b78	indirect	0xa88	4	read	scalar	0	2	0	-
0x005a7b78	indirect	0xa8c	4	read	scalar	0	2	0	-
0x005a7b78	indirect	0xa90	4	read	scalar	0	2	0	-
0x005a7b78	indirect	0xa94	4	read	scalar	0	2	0	-
0x005a7b78	indirect	0xa98	4	read	scalar	0	2	0	-
0x005a7b78	indirect	0xa9c	4	read	scalar	0	2	0	-
0x005cd2f4	indirect	0x0	0	read	indexed	0	20	0	-
0x005cd2f4	indirect	0x140	4	read	indexed	0	1	0	-
0x005cd2f4	indirect	0x144	4	read	indexed	0	1	0	-
0x005cd2f4	indirect	0x148	4	read	indexed	0	1	0	-
0x005a9e04	static	0xc	0|4	read-write	scalar	1	7	1	repositionmouse
0x005a9e04	static	0x14	4	write	scalar	2	0	1	repositionmouse
0x005a9e04	static	0x18	4	write	scalar	2	0	1	repositionmouse
0x005a9e04	static	0x20	4	read	scalar	2	6	0	-
0x005a9e04	static	0x24	4	read	scalar	2	6	0	-
0x005a9e04	static	0x28	4	read	scalar	2	6	0	-
0x005a9e04	static	0x2c	4	read	scalar	2	6	0	-
0x005a9e04	static	0x30	4	write	scalar	1	0	1	resettooltip
0x005a9e04	static	0x34	4	write	scalar	1	0	1	resettooltip
0x005a9e04	static	0x38	4	write	scalar	1	0	6	center_toolip_quick,disablemap,resettooltip,stoptooltip,tooltip,tooltip_quick
0x005a9e04	static	0x3c	4	read	scalar	1	3	0	-
0x005a9e04	static	0x50	0	read	scalar	2	3	0	-
0x005a9e04	static	0x54	4	read	scalar	2	3	0	-
0x005a9e04	static	0x58	4	read	scalar	2	3	0	-
0x005a9e04	static	0x70	0|4	read	scalar	1	7	0	-
0x005a9e04	static	0x78	4	read	scalar	2	1	0	-
0x005a9e04	static	0x7c	4	read	scalar	2	1	0	-
0x005a9e04	static	0x84	1	read	scalar	2	1	0	-
0x005a9e04	static	0x88	4	read	scalar	2	1	0	-
0x005a9e04	static	0x8c	4	read-write	scalar	2	1	1	loadcursorimp
0x005a9e04	static	0x90	4	read-write	scalar	1	5	2	loadcursorimp,repositionmouse
0x005a9e04	static	0x94	4	write	scalar	1	0	1	loadcursorimp
0x005a9e04	static	0x98	4	read	scalar	2	5	0	-
0x005a9e04	static	0x9c	4	read	scalar	2	5	0	-
0x005a9e04	static	0xa0	4	read	scalar	2	5	0	-
0x005a9e04	static	0xa4	4	read	scalar	2	5	0	-
0x005a9e04	static	0xa8	4	write	scalar	2	0	3	center_toolip_quick,tooltip,tooltip_quick
0x005a9e04	static	0xac	4	write	scalar	2	0	3	center_toolip_quick,tooltip,tooltip_quick
0x005a9e04	static	0xb8	4	write	scalar	1	0	3	center_toolip_quick,tooltip,tooltip_quick
0x005a9e04	static	0xbc	4	write	scalar	1	0	1	settooltipborders
0x005a9e04	static	0xc0	4	write	scalar	1	0	1	settooltipborders
0x005a9e04	static	0xc4	4	write	scalar	1	0	1	settooltipborders
0x005a9e04	static	0xc8	4	write	scalar	1	0	1	settooltipborders
0x005a9e04	static	0xcc	4	read	scalar	2	3	0	-
0x005a9e04	static	0xd0	4	read	scalar	2	3	0	-
0x005a9e04	static	0xd4	4	read	scalar	2	3	0	-
0x005a9e04	static	0xd8	4	read	scalar	2	3	0	-
0x005a9e04	static	0xdc	4	read	scalar	2	3	0	-
0x005a9e04	static	0xe0	4	read	scalar	2	3	0	-
0x005a9e04	static	0xe4	4	read	scalar	2	3	0	-
0x005a9e04	static	0xe8	4	read-write	scalar	1	4	4	loadcursorimp,setcursortype,setwindowswaitcursorstate,windowswaitcursorsleep
0x005a9e04	static	0xec	4	read-write	scalar	1	7	1	repositionmouse
0x005a9e04	static	0xf0	4	read-write	scalar	1	7	1	repositionmouse
0x005a9e04	static	0xf4	0|4	read	scalar	1	2	0	-
0x005a9e04	static	0xfc	4	read	scalar	2	1	0	-
0x005a9e04	static	0x100	4	read	scalar	2	1	0	-
0x005a9e04	static	0x108	1	read	scalar	2	1	0	-
0x005a9e04	static	0x10c	4	read	scalar	2	1	0	-
0x005a9e04	static	0x110	4	read-write	scalar	2	1	1	loadcursorimp
0x005a9e04	static	0x114	4	write	scalar	1	0	2	loadcursorimp,repositionmouse
0x005a9e04	static	0x118	4	write	scalar	1	0	1	loadcursorimp
0x005a9e04	static	0x12c	0|4	read	scalar	1	2	0	-
0x005a9e04	static	0x134	4	read	scalar	2	1	0	-
0x005a9e04	static	0x138	4	read	scalar	2	1	0	-
0x005a9e04	static	0x140	1	read	scalar	2	1	0	-
0x005a9e04	static	0x144	4	read	scalar	2	1	0	-
0x005a9e04	static	0x148	4	read-write	scalar	2	1	1	loadcursorimp
0x005a9e04	static	0x14c	4	write	scalar	1	0	2	loadcursorimp,repositionmouse
0x005a9e04	static	0x150	4	write	scalar	1	0	1	loadcursorimp
0x005a9e04	static	0x16c	4	read-write	scalar	1	6	6	loadcursorimp,repositionmouse,setcursortype,setwindowswaitcursorstate,showwindowscursor,windowswaitcursorsleep
0x005a9e04	static	0x170	4	read-write	scalar	1	4	1	loadcursorimp
0x005a9e04	static	0x174	4	read-write	scalar	1	1	1	loadcursorimp
0x005a9e04	static	0x178	1|4	read-write	scalar	1	7	6	hidecursor,loadcursorimp,setcursortype,setwindowswaitcursorstate,showcursor,windowswaitcursorsleep
0x005a9e04	static	0x180	4	read-write	scalar	1	1	1	startdragbox
0x005a9e04	static	0x184	4	read-write	scalar	1	1	1	startdragbox
0x005a9e04	static	0x188	4	read-write	scalar	1	1	2	startdragbox,stopdragbox
0x005a9e04	static	0x18c	4	write	scalar	1	0	2	repositionmouse,startdragbox
0x005a9e04	static	0x190	4	write	scalar	1	0	2	repositionmouse,startdragbox
0x005a9e04	static	0x194	4	write	scalar	1	0	2	repositionmouse,startdragbox
0x005a9e04	static	0x198	4	write	scalar	1	0	2	repositionmouse,startdragbox
0x005a9e04	static	0x19c	0|4	read	scalar	1	3	0	-
0x005a9e04	static	0x1a4	4	read	scalar	2	1	0	-
0x005a9e04	static	0x1a8	4	read	scalar	2	1	0	-
0x005a9e04	static	0x1b0	1	read	scalar	2	1	0	-
0x005a9e04	static	0x1b4	4	read	scalar	2	1	0	-
0x005a9e04	static	0x1b8	4	read-write	scalar	2	1	1	loadcursorimp
0x005a9e04	static	0x1bc	0|4	read-write	scalar	1	2	2	loadcursorimp,repositionmouse
0x005a9e04	static	0x1c0	0|4	read-write	scalar	1	1	1	loadcursorimp
0x005a9e04	static	0x1c4	4	read	scalar	2	1	0	-
0x005a9e04	static	0x1c8	4	read	scalar	2	1	0	-
0x005a9e04	static	0x1cc	4	read	scalar	2	1	0	-
0x005a9e04	static	0x1d0	4	read	scalar	2	1	0	-
0x005aeed0	static	0x0	4	read-write	scalar	1	14	2	removechampionbrain,setchampionbrain
0x005aeed0	static	0x4	4	read-write	scalar	2	2	2	removechampionbrain,setchampionbrain
0x005aeed0	static	0x8	4	read	scalar	1	1	0	-
0x005aee6c	static	0x0	4	read-write	scalar	1	12	1	addspelldef
0x005aee6c	static	0x4	4	read	scalar	1	1	0	-
0x005aee6c	static	0x8	4	read	scalar	1	12	0	-
0x00579458	static	0x40	4	read-write	scalar	1	10	1	resetcombat
0x00579458	static	0x44	4	read-write	scalar	1	10	1	resetcombat
0x005ae8e8	static	0x0	4	read-write	scalar	1	1	1	setcitywallpieces
0x005ae8e8	static	0x4	4	read-write	scalar	1	1	1	setcitywallpieces
0x005ae8e8	static	0x8	4	read-write	scalar	1	1	1	setcitywallpieces
0x005ae8e8	static	0xc	4	read-write	scalar	1	1	1	setcitywallpieces
0x005ae8e8	static	0x10	4	read-write	scalar	1	1	1	setcitywallpieces
0x005ae8e8	static	0x14	4	write	scalar	1	0	1	setgatepieces
0x005ae8e8	static	0x18	4	read-write	scalar	1	1	1	setgatepieces
0x005ae8e8	static	0x1c	4	read-write	scalar	1	1	1	setgatepieces
0x005ae8e8	static	0x34	1	read	scalar	1	3	0	-
0x005ae8e8	static	0x35	1	read	scalar	1	3	0	-
0x005ae8e8	static	0x36	1	read	scalar	1	3	0	-
0x005ae8e8	static	0x3c	4	read	scalar	1	4	0	-
0x005ae8e8	static	0x40	4	read	scalar	1	4	0	-
0x005ae8e8	static	0x44	4	read	scalar	1	4	0	-
0x005ae8e8	static	0x48	4	read	scalar	1	4	0	-
0x005ae8e8	static	0x4c	1	read	scalar	1	4	0	-
0x005ae98c	indirect	0x4	4	read	scalar	0	9	0	-
0x005ae98c	indirect	0x1c	4	read	scalar	0	4	0	-
0x005ae98c	indirect	0x28	4	read	scalar	0	4	0	-
0x005ae98c	indirect	0x30	4	read	scalar	0	6	0	-
0x005ae98c	indirect	0x44	4	read	scalar	0	1	0	-
0x005ae98c	indirect	0x48	4	read	scalar	0	7	0	-
0x005ae98c	indirect	0x4c	4	read	scalar	1	1	0	-
0x005ae98c	indirect	0x50	4	read	scalar	1	2	0	-
0x005ae98c	indirect	0xc4	0|4	read	indexed	0	6	0	-
0x005ae98c	indirect	0xd4	4	read	scalar	2	1	0	-
0x005ae98c	indirect	0xd8	4	read	scalar	1	3	0	-
0x005ae98c	indirect	0xdc	4	read	scalar	1	1	0	-
0x005ae98c	indirect	0x10c	4	read	scalar	1	1	0	-
0x005ae98c	indirect	0x55c	0|4	read	scalar	0	1	0	-
0x005ae98c	indirect	0x560	4	read	scalar	1	1	0	-
0x005ae98c	indirect	0x564	4	read	scalar	1	1	0	-
0x005ae98c	indirect	0x5ac	1	read	scalar	0	3	0	-
0x005ae98c	indirect	0x5cc	4	read	scalar	1	2	0	-
0x005cd358	static	0x14	0	read	scalar	2	2	0	-
0x005cd358	static	0x4b2c	4	read-write	scalar	0	7	4	connecttosigs,connecttostorm,disconnect,resetnetworking
0x005cd358	static	0x4b30	4	read	scalar	1	2	0	-
0x005cd358	static	0x4b34	4	read-write	indexed	1	1	1	resetnetworking
0x005cd358	static	0x4b74	0|4	read-write	indexed	0	2	1	resetnetworking
0x005cd358	static	0x4bcc	4	write	scalar	1	0	1	netcomputersassigned
0x005cd358	static	0x4c10	4	read-write	scalar	0	1	1	resetnetworking
0x005cd2e0	static	0x0	4	read-write	scalar	1	1	1	setmaxquesttypes
0x005cd2e0	static	0x4	4	read-write	scalar	1	7	2	addquestdefinition,setmaxquesttypes
0x005cd2e0	static	0x8	4	read-write	scalar	1	7	1	setmaxquesttypes
0x005cd31c	static	0x0	4	read-write	scalar	1	1	1	createbuildingrequirementslist
0x005cd31c	static	0x4	4	read-write	scalar	1	6	2	createbuildingrequirementslist,setbuildingrequirements
0x005cd31c	static	0x8	4	read-write	scalar	1	7	1	createbuildingrequirementslist
0x005869f4	indirect	0x0	4	read	scalar	1	2	0	-
0x005869f4	indirect	0x1c	4	read	scalar	2	1	0	-
0x005869f4	indirect	0x24	4	write	scalar	2	0	1	removevirtualunit
0x005869f4	indirect	0x28	4	read	scalar	0	4	0	-
0x005869f4	indirect	0x30	1|4	read-write	scalar	1	1	1	removevirtualunit
0x005869f4	indirect	0x44	4	read	scalar	2	1	0	-
0x005869f4	indirect	0x48	4	read	scalar	2	1	0	-
0x005869f4	indirect	0x4c	4	read-write	scalar	0	2	2	addvirtualunit,removevirtualunit
0x005869f4	indirect	0x58	4	write	scalar	2	0	1	removevirtualunit
0x005869f4	indirect	0x5c	4	write	scalar	2	0	1	removevirtualunit
0x005869f4	indirect	0x60	4	write	scalar	2	0	1	removevirtualunit
0x005869f4	indirect	0xc4	0|4	read	indexed	0	3	0	-
0x005869f4	indirect	0xd8	4	read-write	indexed	1	1	1	removevirtualunit
0x005869f4	indirect	0xdc	4	read-write	indexed	1	1	1	removevirtualunit
0x005869f4	indirect	0xe0	4	read-write	indexed	1	1	1	removevirtualunit
0x005869f4	indirect	0x110	0	read	indexed	1	1	0	-
0x005869f4	indirect	0x2f8	4	read	indexed	1	1	0	-
0x005869f4	indirect	0x320	4	read	scalar	1	1	0	-
0x005869f4	indirect	0x324	4	read	indexed	1	1	0	-
0x005869f4	indirect	0x34c	4	read	scalar	1	1	0	-
0x005869f4	indirect	0x350	4	read	indexed	1	1	0	-
0x005869f4	indirect	0x378	4	read	scalar	1	1	0	-
0x005869f4	indirect	0x538	0|4	read	scalar	2	1	0	-
0x005869f4	indirect	0x544	4	read	scalar	2	1	0	-
0x005869f4	indirect	0x548	4	write	scalar	2	0	1	removevirtualunit
0x005869f4	indirect	0x54c	4	write	scalar	2	0	1	removevirtualunit
0x005869f4	indirect	0x550	4	read-write	scalar	2	1	1	removevirtualunit
0x005869f4	indirect	0x5b4	4	read	scalar	2	1	0	-
0x005aa1f0	static	0x0	4	read-write	scalar	1	1	1	maxhelppanels
0x005aa1f0	static	0x4	4	read-write	scalar	0	5	2	addhelppanel,maxhelppanels
0x005aa1f0	static	0x8	4	read-write	scalar	0	6	1	maxhelppanels
0x005adc50	static	0x28	4	write	scalar	1	0	1	testautocalc
0x005adc50	static	0x2c	4	read-write	scalar	1	1	2	incombatautocalc,testautocalc
0x005adc50	static	0x44	4	write	scalar	1	0	2	incombatautocalc,testautocalc
0x005adc50	static	0x48	4	write	scalar	1	0	2	incombatautocalc,testautocalc
0x005adc50	static	0x4c	4	read-write	scalar	1	4	2	incombatautocalc,testautocalc
0x005adc50	static	0x50	4	write	scalar	1	0	2	incombatautocalc,testautocalc
0x005adc50	static	0x54	4	write	scalar	1	0	2	incombatautocalc,testautocalc
0x005adc50	static	0x58	4	write	scalar	1	0	2	incombatautocalc,testautocalc
0x005adc50	static	0x5c	4	write	scalar	1	0	2	incombatautocalc,testautocalc
0x005adc50	static	0x60	4	write	scalar	1	0	2	incombatautocalc,testautocalc
0x005adc50	static	0x64	4	write	scalar	1	0	2	incombatautocalc,testautocalc
0x005adc50	static	0x68	0	read	scalar	1	2	0	-
0x005adc50	static	0xc0	4	write	scalar	1	0	2	incombatautocalc,testautocalc
0x005adc50	static	0xc4	0	read	scalar	1	2	0	-
0x005adc50	static	0xe0	0|4	read-write	scalar	2	1	1	incombatautocalc
0x005adc50	static	0x538	4	write	scalar	1	0	2	incombatautocalc,testautocalc
0x005adc50	static	0x53c	4	write	scalar	1	0	2	incombatautocalc,testautocalc
0x005adc50	static	0x540	4	write	scalar	1	0	2	incombatautocalc,testautocalc
0x005adc50	static	0x544	4	write	scalar	1	0	2	incombatautocalc,testautocalc
0x005adc50	static	0x548	4	write	scalar	1	0	2	incombatautocalc,testautocalc
0x005adc50	static	0x54c	4	write	scalar	1	0	2	incombatautocalc,testautocalc
0x005adc50	static	0x550	4	write	scalar	1	0	2	incombatautocalc,testautocalc
0x005adc50	static	0x554	4	write	scalar	1	0	2	incombatautocalc,testautocalc
0x005adc50	static	0x558	4	write	scalar	1	0	2	incombatautocalc,testautocalc
0x005adc50	static	0x55c	0|4	read-write	scalar	1	2	2	incombatautocalc,testautocalc
0x005adc50	static	0x560	4	write	scalar	1	0	2	incombatautocalc,testautocalc
0x005adc50	static	0x564	4	write	scalar	1	0	2	incombatautocalc,testautocalc
0x005adc50	static	0x568	0	read	scalar	1	2	0	-
0x005adc50	static	0x578	4	write	scalar	2	0	1	incombatautocalc
0x005adc50	static	0x57c	4	write	scalar	2	0	1	incombatautocalc
0x005adc50	static	0x580	4	write	scalar	2	0	1	incombatautocalc
0x005adc50	static	0x584	4	write	scalar	2	0	1	incombatautocalc
0x005adc50	static	0x58c	4	read-write	scalar	1	1	2	incombatautocalc,testautocalc
0x005adc50	static	0x590	4	write	scalar	1	0	2	incombatautocalc,testautocalc
0x005adc50	static	0x594	4	write	scalar	1	0	2	incombatautocalc,testautocalc
0x005adc50	static	0x598	4	read-write	scalar	1	1	2	incombatautocalc,testautocalc
0x005adc50	static	0x59c	4	write	scalar	1	0	2	incombatautocalc,testautocalc
0x005adc50	static	0x5a0	4	write	scalar	1	0	2	incombatautocalc,testautocalc
0x005adc50	static	0x5a4	4	write	scalar	1	0	2	incombatautocalc,testautocalc
0x005adc50	static	0x5a8	4	write	scalar	1	0	2	incombatautocalc,testautocalc
0x005adc50	static	0x5ac	1	write	scalar	1	0	2	incombatautocalc,testautocalc
0x005adc50	static	0x5b0	4	write	scalar	1	0	2	incombatautocalc,testautocalc
0x005adc50	static	0x5b4	4	write	scalar	1	0	2	incombatautocalc,testautocalc
0x005adc50	static	0x5b8	4	write	scalar	1	0	2	incombatautocalc,testautocalc
0x005adc50	static	0x5bc	4	write	scalar	1	0	2	incombatautocalc,testautocalc
0x005adc50	static	0x5c0	4	write	scalar	1	0	2	incombatautocalc,testautocalc
0x005adc50	static	0x5c4	4	write	scalar	1	0	2	incombatautocalc,testautocalc
0x005adc50	static	0x5c8	1	write	scalar	1	0	2	incombatautocalc,testautocalc
0x005adc50	static	0x5cc	4	write	scalar	1	0	2	incombatautocalc,testautocalc
0x005adc50	static	0x5d0	1	write	scalar	1	0	2	incombatautocalc,testautocalc
0x005adc50	static	0x5d4	4	write	scalar	1	0	2	incombatautocalc,testautocalc
0x005adc50	static	0x5d8	1	write	scalar	1	0	2	incombatautocalc,testautocalc
0x005adc50	static	0x5dc	0	read	scalar	1	6	0	-
0x005adc50	static	0x604	4	write	scalar	1	0	1	testautocalc
0x005adc50	static	0x608	4	read-write	scalar	1	1	2	incombatautocalc,testautocalc
0x005adc50	static	0x620	4	write	scalar	1	0	2	incombatautocalc,testautocalc
0x005adc50	static	0x624	4	write	scalar	1	0	2	incombatautocalc,testautocalc
0x005adc50	static	0x628	4	write	scalar	1	0	2	incombatautocalc,testautocalc
0x005adc50	static	0x62c	4	write	scalar	1	0	2	incombatautocalc,testautocalc
0x005adc50	static	0x630	4	write	scalar	1	0	2	incombatautocalc,testautocalc
0x005adc50	static	0x634	4	write	scalar	1	0	2	incombatautocalc,testautocalc
0x005adc50	static	0x638	4	write	scalar	1	0	2	incombatautocalc,testautocalc
0x005adc50	static	0x63c	4	write	scalar	1	0	2	incombatautocalc,testautocalc
0x005adc50	static	0x640	4	write	scalar	1	0	2	incombatautocalc,testautocalc
0x005adc50	static	0x644	0	read	scalar	1	2	0	-
0x005adc50	static	0x69c	4	write	scalar	1	0	2	incombatautocalc,testautocalc
0x005adc50	static	0x6a0	0	read	scalar	1	2	0	-
0x005adc50	static	0x6bc	0|4	read-write	scalar	2	1	1	incombatautocalc
0x005adc50	static	0xb14	4	write	scalar	1	0	2	incombatautocalc,testautocalc
0x005adc50	static	0xb18	4	write	scalar	1	0	2	incombatautocalc,testautocalc
0x005adc50	static	0xb1c	4	write	scalar	1	0	2	incombatautocalc,testautocalc
0x005adc50	static	0xb20	4	write	scalar	1	0	2	incombatautocalc,testautocalc
0x005adc50	static	0xb24	4	write	scalar	1	0	2	incombatautocalc,testautocalc
0x005adc50	static	0xb28	4	write	scalar	1	0	2	incombatautocalc,testautocalc
0x005adc50	static	0xb2c	4	write	scalar	1	0	2	incombatautocalc,testautocalc
0x005adc50	static	0xb30	4	write	scalar	1	0	2	incombatautocalc,testautocalc
0x005adc50	static	0xb34	4	write	scalar	1	0	2	incombatautocalc,testautocalc
0x005adc50	static	0xb38	0|4	read-write	scalar	1	2	2	incombatautocalc,testautocalc
0x005adc50	static	0xb3c	4	write	scalar	1	0	2	incombatautocalc,testautocalc
0x005adc50	static	0xb40	4	write	scalar	1	0	2	incombatautocalc,testautocalc
0x005adc50	static	0xb44	0	read	scalar	1	2	0	-
0x005adc50	static	0xb54	4	write	scalar	2	0	1	incombatautocalc
0x005adc50	static	0xb58	4	write	scalar	2	0	1	incombatautocalc
0x005adc50	static	0xb5c	4	write	scalar	2	0	1	incombatautocalc
0x005adc50	static	0xb60	4	write	scalar	2	0	1	incombatautocalc
0x005adc50	static	0xb68	4	read-write	scalar	1	1	2	incombatautocalc,testautocalc
0x005adc50	static	0xb6c	4	write	scalar	1	0	2	incombatautocalc,testautocalc
0x005adc50	static	0xb70	4	write	scalar	1	0	2	incombatautocalc,testautocalc
0x005adc50	static	0xb74	4	read-write	scalar	1	1	2	incombatautocalc,testautocalc
0x005adc50	static	0xb78	4	write	scalar	1	0	2	incombatautocalc,testautocalc
0x005adc50	static	0xb7c	4	write	scalar	1	0	2	incombatautocalc,testautocalc
0x005adc50	static	0xb80	4	write	scalar	1	0	2	incombatautocalc,testautocalc
0x005adc50	static	0xb84	4	write	scalar	1	0	2	incombatautocalc,testautocalc
0x005adc50	static	0xb88	1	write	scalar	1	0	2	incombatautocalc,testautocalc
0x005adc50	static	0xb8c	4	write	scalar	1	0	2	incombatautocalc,testautocalc
0x005adc50	static	0xb90	4	write	scalar	1	0	2	incombatautocalc,testautocalc
0x005adc50	static	0xb94	4	write	scalar	1	0	2	incombatautocalc,testautocalc
0x005adc50	static	0xb98	4	write	scalar	1	0	2	incombatautocalc,testautocalc
0x005adc50	static	0xb9c	4	write	scalar	1	0	2	incombatautocalc,testautocalc
0x005adc50	static	0xba0	4	write	scalar	1	0	2	incombatautocalc,testautocalc
0x005adc50	static	0xba4	1	write	scalar	1	0	2	incombatautocalc,testautocalc
0x005adc50	static	0xba8	4	write	scalar	1	0	2	incombatautocalc,testautocalc
0x005adc50	static	0xbac	1	write	scalar	1	0	2	incombatautocalc,testautocalc
0x005adc50	static	0xbb0	4	write	scalar	1	0	2	incombatautocalc,testautocalc
0x005adc50	static	0xbb4	1	write	scalar	1	0	2	incombatautocalc,testautocalc
0x005adc50	static	0xbb8	0|4	read-write	indexed	1	4	1	setunitfate
0x005adc50	static	0xbf4	0|4	read-write	scalar	1	5	1	testautocalc
0x005adc50	static	0xc30	1|4	read	scalar	1	2	0	-
0x005adc50	static	0xc34	4	read	scalar	1	1	0	-
0x005aeedc	static	0x0	4	read	scalar	0	2	0	-
0x005aeedc	static	0x4	4	read-write	scalar	0	5	3	addquest,clearquests,removequest
0x005aeedc	static	0x8	4	read	scalar	0	6	0	-
0x005869f4	static	0x0	4	read-write	scalar	0	3	2	loaddefaultarmy,loadvirtualarmy
0x005869f4	static	0x4	0|4	read-write	indexed	0	1	1	mapvirtualunits
0x005869f4	static	0x38	0	read	scalar	1	2	0	-
0x005869f4	static	0x40	0	read	scalar	1	2	0	-
0x005869f4	static	0x44	0	read	scalar	1	2	0	-
0x005869f4	static	0x4c	0	read	scalar	0	4	0	-
0x005869f4	static	0x50	0	read	scalar	0	4	0	-
0x005869f4	static	0x54	0	read	scalar	0	4	0	-
0x005869f4	static	0x58	0	read	scalar	0	4	0	-
0x005869f4	static	0x2f8	0	read	scalar	1	2	0	-
0x005aa1dc	static	0x0	4	read	scalar	1	1	0	-
0x005aa1dc	static	0x4	4	read-write	scalar	1	4	1	addfaithselection
0x005aa1dc	static	0x8	4	read-write	scalar	1	5	1	clearfaithselection
0x005ae94c	indirect	0x28	4	read	scalar	0	5	0	-
0x005ae970	indirect	0x0	4	read	indexed	0	5	0	-
0x005aef04	indirect	0x2	2	read	indexed	0	4	0	-
0x005aef04	indirect	0x4	2	read	indexed	0	3	0	-
0x005cd340	static	0x0	4	read-write	scalar	1	4	2	artifacttype,setmaxartifacttypes
0x005cd340	static	0x4	4	read-write	scalar	1	1	1	setmaxartifacttypes
0x005cd340	static	0x8	4	read-write	scalar	1	4	1	setmaxartifacttypes
0x005788c4	indirect	0x0	4	read	scalar	0	2	0	-
0x005788c4	indirect	0x10	4	read	scalar	0	2	0	-
0x00584ca8	static	0x0	4	read-write	scalar	1	1	1	setmaxlightningbolts
0x00584ca8	static	0x4	4	read-write	scalar	1	1	2	lightning,setmaxlightningbolts
0x00584ca8	static	0xc	4	read-write	scalar	1	1	1	maxlightningpals
0x00584ca8	static	0x10	4	read-write	scalar	1	1	2	loadlightningpal,maxlightningpals
0x00584ca8	static	0x14	4	read-write	scalar	1	2	1	maxlightningpals
0x00584ca8	static	0x18	4	read-write	scalar	1	2	1	setmaxlightningbolts
0x00584cc4	static	0x0	4	read-write	scalar	1	3	1	setmaxhotkeys
0x00584cc4	static	0x4	4	read-write	scalar	1	1	2	addhotkey,setmaxhotkeys
0x00584cc4	static	0x8	4	read-write	scalar	1	4	1	setmaxhotkeys
0x00584d60	static	0x0	4	read	scalar	0	4	0	-
0x005863c8	static	0x0	4	read-write	scalar	1	4	4	playmusicnorepeat,setplaybacktimer,settimeraccuracy,stopmusic
0x005863c8	static	0x4	4	read-write	scalar	1	4	4	playmusicnorepeat,setplaybacktimer,settimeraccuracy,stopmusic
0x005863c8	static	0x8	4	write	scalar	1	0	1	playmusicnorepeat
0x005863c8	static	0x10	4	write	scalar	2	0	1	playmusicnorepeat
0x005863c8	static	0x14	4	read	scalar	2	1	0	-
0x005867c0	static	0x0	4	read-write	scalar	1	4	4	playvideo,playvideo_stretch,playvideoshutdown,stopvideo
0x005867c0	static	0x4	4	read-write	scalar	1	4	4	playvideo,playvideo_stretch,playvideoshutdown,stopvideo
0x005867c0	static	0x8	4	read-write	scalar	1	4	4	playvideo,playvideo_stretch,playvideoshutdown,stopvideo
0x005867c0	static	0xc	0	read	scalar	2	3	0	-
0x005867c0	static	0x20c	4	write	scalar	1	0	3	playvideo,playvideo_stretch,playvideoshutdown
0x005867c0	static	0x210	4	write	scalar	1	0	3	playvideo,playvideo_stretch,playvideoshutdown
0x005867c0	static	0x214	4	write	scalar	1	0	3	playvideo,playvideo_stretch,playvideoshutdown
0x005867c0	static	0x218	4	write	scalar	1	0	3	playvideo,playvideo_stretch,playvideoshutdown
0x005867c0	static	0x21c	4	read	scalar	1	3	0	-
0x005867c0	static	0x220	4	read	scalar	1	3	0	-
0x005867c0	static	0x224	4	read-write	scalar	1	4	4	playvideo,playvideo_stretch,playvideoshutdown,stopvideo
0x005867c0	static	0x228	4	read	scalar	1	4	0	-
0x005867c0	static	0x22c	4	read	scalar	1	4	0	-
0x005867c0	static	0x230	4	read	scalar	1	4	0	-
0x005aeea0	static	0x0	4	read-write	scalar	1	4	1	canceleventalarm
0x005aeea0	static	0x4	4	read-write	scalar	2	3	3	canceleventalarm,eventalarm,neventalarm
0x005aeea0	static	0xc	4	read	scalar	1	1	0	-
0x005cd2ec	static	0x0	4	read-write	scalar	1	1	1	maxunittypes
0x005cd2ec	static	0x4	4	read-write	scalar	0	3	2	maxunittypes,unittype
0x005cd2ec	static	0x8	4	read-write	scalar	0	4	1	maxunittypes
0x005cd304	static	0x0	4	read-write	scalar	1	1	1	maxterrainspritetypes
0x005cd304	static	0x4	4	read-write	scalar	1	3	2	addterrainspritetype,maxterrainspritetypes
0x005cd304	static	0x8	4	read-write	scalar	1	4	1	maxterrainspritetypes
0x005cd34c	static	0x0	4	read-write	scalar	1	4	1	maxreferencepalettes
0x005cd34c	static	0x4	4	read-write	scalar	1	3	2	addreferencepalette,maxreferencepalettes
0x005cd34c	static	0x8	4	read-write	scalar	1	1	1	maxreferencepalettes
0x005864f4	static	0x0	4	read-write	scalar	1	3	3	setplaybacktimer,settimeraccuracy,stopspeech
0x005864f4	static	0x4	4	read-write	scalar	1	3	3	setplaybacktimer,settimeraccuracy,stopspeech
0x005aa1e4	indirect	0x0	0|4	read	indexed	0	3	0	-
0x005aa1e4	indirect	0x8	4	read	indexed	0	1	0	-
0x005aa1e4	indirect	0xc	4	read	indexed	0	1	0	-
0x005aa1e4	indirect	0x18	4	read	indexed	0	1	0	-
0x005aa1e4	indirect	0x1c	4	read	indexed	0	1	0	-
0x005aea30	static	0x0	4	write	scalar	1	0	1	isvalidterraintype?
0x005aea30	static	0x4	4	read	scalar	1	1	0	-
0x005aea30	static	0xc	4	read	scalar	1	1	0	-
0x005aea30	static	0x10	4	read	scalar	1	1	0	-
0x005aea30	static	0x14	4	read	scalar	1	2	0	-
0x005aea30	static	0x18	4	read	scalar	1	2	0	-
0x005aea30	static	0x1c	4	read	scalar	1	1	0	-
0x005aea30	static	0x20	4	read	scalar	1	1	0	-
0x005aea30	static	0x24	4	read	scalar	2	1	0	-
0x005aea30	static	0x2c	4	read	scalar	1	2	0	-
0x005aee78	static	0x0	4	read-write	scalar	1	3	3	cancelendofcombattickalarms,canceltickalarm,tickalarm
0x005aee78	static	0x4	4	read-write	scalar	2	3	3	cancelendofcombattickalarms,canceltickalarm,tickalarm
0x005aee78	static	0x8	4	read-write	scalar	1	1	1	tickalarm
0x005aee78	static	0xc	4	read-write	scalar	1	1	1	cancelendofcombattickalarms
0x005aee78	static	0x10	4	write	scalar	1	0	1	cancelendofcombattickalarms
0x005cd310	static	0x0	4	read-write	scalar	1	1	1	createbuildinginfolist
0x005cd310	static	0x4	4	read-write	scalar	1	2	2	addbuildinginfo,createbuildinginfolist
0x005cd310	static	0x8	4	read-write	scalar	1	3	1	createbuildinginfolist
0x0055b1b0	indirect	0x0	4	write	scalar	1	0	2	createtemparmy,createvirtualarmy
0x0055b1b0	indirect	0x4	4	write	scalar	2	0	2	createtemparmy,createvirtualarmy
0x0055b1b0	indirect	0x24	4	write	scalar	2	0	2	createtemparmy,createvirtualarmy
0x0055b1b0	indirect	0x44	4	write	scalar	2	0	2	createtemparmy,createvirtualarmy
0x0055b1b0	indirect	0x48	4	write	scalar	2	0	2	createtemparmy,createvirtualarmy
0x0055b1b0	indirect	0x4c	4	write	scalar	2	0	2	createtemparmy,createvirtualarmy
0x0055b1b0	indirect	0x50	4	write	scalar	2	0	2	createtemparmy,createvirtualarmy
0x0055b1b0	indirect	0x54	4	write	scalar	2	0	2	createtemparmy,createvirtualarmy
0x0055b1b0	indirect	0x58	4	write	scalar	2	0	2	createtemparmy,createvirtualarmy
0x0055b1b0	indirect	0x5c	4	write	scalar	2	0	2	createtemparmy,createvirtualarmy
0x0055b1b0	indirect	0x60	4	write	scalar	2	0	2	createtemparmy,createvirtualarmy
0x0055b1b0	indirect	0x64	4	write	scalar	2	0	2	createtemparmy,createvirtualarmy
0x0055b1b0	indirect	0x68	4	write	scalar	2	0	2	createtemparmy,createvirtualarmy
0x0055b1b0	indirect	0x6c	4	write	scalar	2	0	2	createtemparmy,createvirtualarmy
0x0055b1b0	indirect	0x74	4	write	scalar	2	0	2	createtemparmy,createvirtualarmy
0x0055b1b0	indirect	0x78	1	write	scalar	2	0	2	createtemparmy,createvirtualarmy
0x0055b1b0	indirect	0xc0	1	write	scalar	1	0	2	createtemparmy,createvirtualarmy
0x0055b1b0	indirect	0xc4	0	read	scalar	1	2	0	-
0x0055b1b0	indirect	0x538	4	write	scalar	2	0	2	createtemparmy,createvirtualarmy
0x0055b1b0	indirect	0x53c	4	write	scalar	2	0	2	createtemparmy,createvirtualarmy
0x0055b1b0	indirect	0x540	4	write	scalar	2	0	2	createtemparmy,createvirtualarmy
0x0055b1b0	indirect	0x544	4	write	scalar	2	0	2	createtemparmy,createvirtualarmy
0x0055b1b0	indirect	0x548	4	write	scalar	2	0	2	createtemparmy,createvirtualarmy
0x0055b1b0	indirect	0x54c	4	write	scalar	2	0	2	createtemparmy,createvirtualarmy
0x0055b1b0	indirect	0x550	4	write	scalar	2	0	2	createtemparmy,createvirtualarmy
0x0055b1b0	indirect	0x55c	0|4	read-write	scalar	1	2	2	createtemparmy,createvirtualarmy
0x0055b1b0	indirect	0x560	4	write	scalar	2	0	2	createtemparmy,createvirtualarmy
0x0055b1b0	indirect	0x564	4	write	scalar	2	0	2	createtemparmy,createvirtualarmy
0x0055b1b0	indirect	0x568	0|4	read-write	scalar	1	2	2	createtemparmy,createvirtualarmy
0x0055b1b0	indirect	0x56c	4	write	scalar	2	0	2	createtemparmy,createvirtualarmy
0x0055b1b0	indirect	0x574	4	write	scalar	2	0	2	createtemparmy,createvirtualarmy
0x0055b1b0	indirect	0x578	4	write	scalar	2	0	2	createtemparmy,createvirtualarmy
0x0055b1b0	indirect	0x57c	4	write	scalar	2	0	2	createtemparmy,createvirtualarmy
0x0055b1b0	indirect	0x580	4	write	scalar	2	0	2	createtemparmy,createvirtualarmy
0x0055b1b0	indirect	0x584	4	write	scalar	2	0	2	createtemparmy,createvirtualarmy
0x0055b1b0	indirect	0x588	4	write	scalar	2	0	2	createtemparmy,createvirtualarmy
0x0055b1b0	indirect	0x58c	4	write	scalar	2	0	2	createtemparmy,createvirtualarmy
0x0055b1b0	indirect	0x590	4	write	scalar	2	0	2	createtemparmy,createvirtualarmy
0x0055b1b0	indirect	0x598	4	write	scalar	2	0	2	createtemparmy,createvirtualarmy
0x0055b1b0	indirect	0x59c	4	write	scalar	2	0	2	createtemparmy,createvirtualarmy
0x0055b1b0	indirect	0x5a0	4	write	scalar	2	0	2	createtemparmy,createvirtualarmy
0x0055b1b0	indirect	0x5a4	4	write	scalar	2	0	2	createtemparmy,createvirtualarmy
0x0055b1b0	indirect	0x5a8	4	write	scalar	2	0	2	createtemparmy,createvirtualarmy
0x0055b1b0	indirect	0x5ac	1	write	scalar	2	0	2	createtemparmy,createvirtualarmy
0x0055b1b0	indirect	0x5b0	4	write	scalar	2	0	2	createtemparmy,createvirtualarmy
0x0055b1b0	indirect	0x5b4	4	write	scalar	2	0	2	createtemparmy,createvirtualarmy
0x0055b1b0	indirect	0x5b8	4	write	scalar	2	0	2	createtemparmy,createvirtualarmy
0x0055b1b0	indirect	0x5bc	4	write	scalar	2	0	2	createtemparmy,createvirtualarmy
0x0055b1b0	indirect	0x5c0	4	write	scalar	2	0	2	createtemparmy,createvirtualarmy
0x0055b1b0	indirect	0x5c4	4	write	scalar	2	0	2	createtemparmy,createvirtualarmy
0x0055b1b0	indirect	0x5c8	1	write	scalar	2	0	2	createtemparmy,createvirtualarmy
0x0055b1b0	indirect	0x5cc	4	write	scalar	2	0	2	createtemparmy,createvirtualarmy
0x0055b1b0	indirect	0x5d4	4	write	scalar	2	0	2	createtemparmy,createvirtualarmy
0x0058516c	indirect	0x0	4	read	scalar	0	2	0	-
0x005863bc	static	0x0	4	read-write	scalar	1	1	1	setmaxsoundfx
0x005863bc	static	0x4	4	read-write	scalar	1	1	2	addsoundfx,setmaxsoundfx
0x005863bc	static	0x8	4	read-write	scalar	1	2	1	setmaxsoundfx
0x005aa78c	indirect	0x3c	4	read	scalar	0	2	0	-
0x005aad68	indirect	0x3c	4	read	scalar	0	2	0	-
0x005ae998	indirect	0x4	4	read	scalar	0	2	0	-
0x005ae998	indirect	0x1c	4	read	scalar	0	1	0	-
0x005ae998	indirect	0x28	4	read	scalar	0	1	0	-
0x005ae998	indirect	0x30	4	read	scalar	0	2	0	-
0x005ae998	indirect	0x48	4	read	scalar	0	2	0	-
0x005ae998	indirect	0xc4	0|4	read	scalar	1	1	0	-
0x005ae998	indirect	0xd8	4	read	scalar	2	1	0	-
0x005ae998	indirect	0x5ac	1	read	scalar	0	1	0	-
0x005aec60	static	0x0	4	read-write	scalar	1	2	1	setscenarioproperty
0x005aee8c	static	0x0	4	read-write	scalar	1	2	2	cancelturnalarm,turnalarm
0x005aee8c	static	0x4	4	read-write	scalar	2	2	2	cancelturnalarm,turnalarm
0x005aee8c	static	0x8	4	read-write	scalar	1	1	1	turnalarm
0x005aee8c	static	0xc	4	read	scalar	1	1	0	-
0x005aeeb0	static	0x0	4	read-write	scalar	1	2	2	cancelmovealarm,movealarm
0x005aeeb0	static	0x4	4	read-write	scalar	2	2	2	cancelmovealarm,movealarm
0x005aeeb0	static	0x8	4	read-write	scalar	1	1	1	movealarm
0x005aeeb0	static	0xc	4	read	scalar	1	1	0	-
0x005aeec0	static	0x0	4	read-write	scalar	1	2	2	canceldiscoveralarm,discoveralarm
0x005aeec0	static	0x4	4	read-write	scalar	2	2	2	canceldiscoveralarm,discoveralarm
0x005aeec0	static	0x8	4	read-write	scalar	1	1	1	discoveralarm
0x005aeec0	static	0xc	4	read	scalar	1	1	0	-
0x005ccedc	static	0x0	4	read	scalar	2	2	0	-
0x005ccedc	static	0x4	4	read	scalar	2	2	0	-
0x005ccedc	static	0x8	4	read	scalar	2	2	0	-
0x005ccedc	static	0x10	0	read	scalar	2	2	0	-
0x005cd2f8	static	0x0	4	read-write	scalar	1	1	1	maxmissiletypes
0x005cd2f8	static	0x4	4	read-write	scalar	1	1	2	addmissiletype,maxmissiletypes
0x005cd2f8	static	0x8	4	read-write	scalar	1	2	1	maxmissiletypes
0x005cd328	static	0x0	4	read-write	scalar	1	1	1	maxmounttypes
0x005cd328	static	0x4	4	read-write	scalar	1	1	2	addmounttype,maxmounttypes
0x005cd328	static	0x8	4	read-write	scalar	1	2	1	maxmounttypes
0x005cd334	static	0x0	4	read-write	scalar	1	1	1	maxauratypes
0x005cd334	static	0x4	4	read-write	scalar	1	1	2	addauratype,maxauratypes
0x005cd334	static	0x8	4	read-write	scalar	1	2	1	maxauratypes
0x005d2f10	static	0x0	4	read	scalar	1	2	0	-
0x005d2f10	static	0x4	4	read	scalar	1	2	0	-
0x00555d70	indirect	0x0	0	read	indexed	0	1	0	-
0x00555d74	indirect	0x4c	4	read	scalar	0	1	0	-
0x00555d74	indirect	0xc4	0	read	indexed	0	1	0	-
0x00555d74	indirect	0xe0	4	read	indexed	1	1	0	-
0x005564c8	static	0x0	4	write	scalar	0	0	1	setsatellitechildoffsets
0x005564c8	static	0x4	4	write	scalar	0	0	1	setsatellitechildoffsets
0x005564e0	static	0x0	4	write	scalar	0	0	1	setcitychildoffsets
0x005564e0	static	0x4	4	write	scalar	0	0	1	setcitychildoffsets
0x0055cb50	static	0x0	4	write	scalar	0	0	1	setmapretreatimp
0x0055e7f0	static	0x0	4	read	scalar	0	1	0	-
0x0055e7f0	static	0x4	4	read	scalar	0	1	0	-
0x0055e92c	static	0x0	4	read	scalar	0	1	0	-
0x00573c38	static	0x0	4	read	scalar	0	1	0	-
0x005787ac	indirect	0x1c	4	read	scalar	0	1	0	-
0x005787ac	indirect	0x44	4	read	scalar	0	1	0	-
0x005787b0	indirect	0x1c	4	read	scalar	0	1	0	-
0x005787b8	static	0x0	4	read	scalar	1	1	0	-
0x005787b8	static	0x4	4	read	scalar	1	1	0	-
0x00583ac0	indirect	0x70	1	read	scalar	0	1	0	-
0x00585170	indirect	0x0	4	read	scalar	0	1	0	-
0x00585174	indirect	0x0	4	read	scalar	0	1	0	-
0x005854fc	static	0x0	4	read	scalar	0	1	0	-
0x005869f8	static	0x0	4	read	scalar	0	1	0	-
0x005876d0	indirect	0x28	4	read	scalar	0	1	0	-
0x005a79f0	static	0x0	4	read-write	scalar	2	1	1	adddirtyregion
0x005a79f0	static	0x4	4	read	scalar	2	1	0	-
0x005a79f0	static	0x8	4	read-write	scalar	2	1	1	adddirtyregion
0x005a79f0	static	0xc	4	read-write	scalar	2	1	1	adddirtyregion
0x005a79f0	static	0x10	4	read	scalar	2	1	0	-
0x005a79f0	static	0x14	4	read	scalar	1	1	0	-
0x005a79f0	static	0x18	4	read	scalar	1	1	0	-
0x005a79f0	static	0x1c	4	read	scalar	1	1	0	-
0x005a79f0	static	0x20	4	read	scalar	1	1	0	-
0x005a7b54	indirect	0x0	4	read	indexed	0	1	0	-
0x005a9ddc	static	0x14	4	write	scalar	1	0	1	cancelpathballs
0x005a9ddc	static	0x20	4	read	scalar	1	1	0	-
0x005aa08c	static	0x4	0|4	read	scalar	2	1	0	-
0x005aa08c	static	0x18	0|4	read	scalar	2	1	0	-
0x005aa08c	static	0x2c	0|4	read	scalar	2	1	0	-
0x005aa08c	static	0x40	0|4	read	scalar	2	1	0	-
0x005aa08c	static	0x7c	4	read	scalar	2	1	0	-
0x005aa08c	static	0x80	4	read	scalar	2	1	0	-
0x005aa08c	static	0x84	4	write	scalar	2	0	1	geteditdata
0x005aa08c	static	0x88	4	write	scalar	2	0	1	geteditdata
0x005aa64c	static	0x0	4	write	scalar	1	0	1	setmultiscenarioname
0x005aa64c	static	0x4	1	write	scalar	1	0	1	setmultiscenarioname
0x005aa64c	static	0x5	0|4	read-write	scalar	1	1	1	setmultiscenarioname
0x005aa64c	static	0x9	1	write	scalar	1	0	1	setmultiscenarioname
0x005aa64c	static	0xa	0|4	read-write	scalar	1	1	1	setmultiscenarioname
0x005aa64c	static	0xe	1	write	scalar	1	0	1	setmultiscenarioname
0x005aa64c	static	0xf	0|4	read-write	scalar	1	1	1	setmultiscenarioname
0x005aa64c	static	0x13	1	write	scalar	1	0	1	setmultiscenarioname
0x005aa64c	static	0x14	0|4	read-write	scalar	1	1	1	setmultiscenarioname
0x005aa64c	static	0x18	1	write	scalar	1	0	1	setmultiscenarioname
0x005aa64c	static	0x19	0|4	read-write	scalar	1	1	1	setmultiscenarioname
0x005aa64c	static	0x1d	1	write	scalar	1	0	1	setmultiscenarioname
0x005aa64c	static	0x1e	0|4	read-write	scalar	1	1	1	setmultiscenarioname
0x005aa64c	static	0x22	1	write	scalar	1	0	1	setmultiscenarioname
0x005aa64c	static	0x23	0|4	read-write	scalar	1	1	1	setmultiscenarioname
0x005aa64c	static	0x27	1	write	scalar	1	0	1	setmultiscenarioname
0x005aa64c	static	0x2d	0|1|4	read-write	scalar	1	1	1	setmultiscenarioname
0x005aa64c	static	0x31	1	write	scalar	1	0	1	setmultiscenarioname
0x005aa64c	static	0x32	0	read	scalar	1	1	0	-
0x005aad68	static	0x2c	4	read-write	scalar	1	1	1	cleardefenderarmy
0x005aad68	static	0x4c	4	write	scalar	1	0	1	cleardefenderarmy
0x005aad68	static	0xe0	0|4	read-write	scalar	1	1	1	cleardefenderarmy
0x005aad68	static	0x538	4	write	scalar	1	0	1	cleardefenderarmy
0x005aad68	static	0x550	4	write	scalar	1	0	1	cleardefenderarmy
0x005aad68	static	0x55c	0|4	read-write	scalar	1	1	1	cleardefenderarmy
0x005aad68	static	0x560	4	read-write	scalar	1	1	1	cleardefenderarmy
0x005aad68	static	0x564	4	read-write	scalar	1	1	1	cleardefenderarmy
0x005aad68	static	0x568	0	read	scalar	1	1	0	-
0x005aad68	static	0x578	4	read-write	scalar	1	1	1	cleardefenderarmy
0x005aad68	static	0x57c	4	read-write	scalar	1	1	1	cleardefenderarmy
0x005aad68	static	0x580	4	read-write	scalar	1	1	1	cleardefenderarmy
0x005aad68	static	0x584	4	read-write	scalar	1	1	1	cleardefenderarmy
0x005aad68	static	0x58c	4	read-write	scalar	1	1	1	cleardefenderarmy
0x005aad68	static	0x598	4	read-write	scalar	1	1	1	cleardefenderarmy
0x005ae8a0	indirect	0x28	4	read	scalar	0	1	0	-
0x005ae924	indirect	0x1	0	read	scalar	0	1	0	-
0x005ae924	indirect	0x5	0	read	scalar	0	1	0	-
0x005ae928	indirect	0x1	0	read	scalar	0	1	0	-
0x005ae928	indirect	0x5	0	read	scalar	0	1	0	-
0x005ae9bc	indirect	0x4	4	read	indexed	0	1	0	-
0x005aea50	indirect	0x0	4	read	indexed	0	1	0	-
0x005aee6c	indirect	0x0	1	read	scalar	0	1	0	-
0x005aee6c	indirect	0x8	4	read	scalar	0	1	0	-
0x005aee6c	indirect	0x10	4	read	scalar	0	1	0	-
0x005aee70	indirect	0x0	4	write	scalar	0	0	1	enableallspells
0x005ccd74	static	0x0	4	read	scalar	0	1	0	-
0x005cce28	static	0x0	4	read	scalar	0	1	0	-
0x005ccff4	static	0x0	4	read-write	scalar	1	1	1	spellrequest
0x005cd18c	static	0x0	4	read-write	scalar	1	1	1	addextramilitaryunitnow
0x005cd1ac	static	0x0	2	read	scalar	0	1	0	-
0x005d3820	static	0x0	4	write	scalar	1	0	1	enumfiles
0x005d3830	static	0x0	4	read-write	scalar	1	1	1	testvisit
0x005d3830	static	0x4	4	read-write	scalar	1	1	1	testvisit
0x005d3830	static	0x8	4	read-write	scalar	1	1	1	testvisit
0x005d3830	static	0x10	4	read-write	scalar	1	1	1	testvisit
0x005d3830	static	0x14	4	read-write	scalar	1	1	1	testvisit
0x005d3830	static	0x18	4	read-write	scalar	1	1	1	testvisit
0x005d3830	static	0x1c	4	read-write	scalar	1	1	1	testvisit
0x005d3830	indirect	0x0	4	read	indexed	0	1	0	-
0x005d3834	indirect	0x0	4	write	indexed	0	0	1	testvisit
